mjd,fluxcal,flt,fluxcalerr,processing
61155.1366,4542.756,Y,945.5523,raw
61155.1851,5563.034,Y,950.7728,raw
61164.1354,3388.4465,Y,909.4966,raw
61166.2006,4797.486,Y,1529.8347,raw
61181.0078,3904.4958,Y,1089.4462,raw
61191.0547,5553.2734,Y,1283.1465,raw
61140.1458,3310.2012,g,213.7519,raw
61148.1351,3359.868,g,212.56963,raw
61170.0688,1168.3949,g,207.11485,raw
61170.0692,1470.8549,g,208.87369,raw
61172.1001,858.36255,g,237.15709,raw
61175.0833,1275.5175,g,217.44116,raw
61136.1766,2814.434,i,530.3884,raw
61145.1649,3654.777,i,344.2181,raw
61145.1653,3961.117,i,351.49835,raw
61147.2894,3591.3196,i,550.26117,raw
61154.1147,4049.712,i,346.84854,raw
61164.0634,3915.1848,i,456.49847,raw
61164.0638,3642.0715,i,437.06482,raw
61164.0853,3897.3972,i,535.675,raw
61164.0862,3213.7676,i,520.3408,raw
61169.1518,3685.7244,i,326.47507,raw
61170.1745,3537.9893,i,374.96173,raw
61176.056,2752.184,i,425.0247,raw
61176.0565,4268.164,i,429.41296,raw
61179.0588,3439.0972,i,397.03812,raw
61179.0592,3209.934,i,394.06958,raw
61181.1479,3227.7227,i,398.0519,raw
61190.9872,4529.8613,i,891.66565,raw
61191.9843,2819.9202,i,649.3095,raw
61223.9795,2075.4485,i,418.82462,raw
61223.9804,2780.705,i,421.77936,raw
61224.9664,1758.9612,i,431.40692,raw
61224.9668,2048.639,i,436.66672,raw
61224.9772,1756.2897,i,390.57977,raw
61224.9785,2139.284,i,402.54327,raw
61225.9768,2044.9421,i,378.02707,raw
61140.1696,3763.5454,r,272.01056,raw
61140.1924,3547.645,r,267.8008,raw
61145.1412,4756.1514,r,297.86954,raw
61145.1416,4465.0425,r,299.03833,raw
61147.2657,4770.0854,r,342.75333,raw
61148.1589,4095.9973,r,276.397,raw
61148.1849,4136.8413,r,266.8866,raw
61154.1386,4360.6875,r,264.9441,raw
61169.1281,3387.1846,r,248.15175,raw
61170.0926,2995.2449,r,250.8266,raw
61170.093,3049.4578,r,254.4873,raw
61176.0323,2988.2422,r,322.87518,raw
61176.0327,3063.3367,r,327.87717,raw
61177.0849,2541.85,r,317.95267,raw
61178.1812,3035.5728,r,390.85162,raw
61179.0351,2699.6816,r,343.05637,raw
61179.0355,2417.1846,r,335.49893,raw
61181.1242,2563.094,r,262.44092,raw
61181.1246,2826.2432,r,271.4833,raw
61224.9555,1019.97876,r,338.43768,raw
61136.2005,2893.4353,z,643.9257,raw
61139.1938,3145.9792,z,580.808,raw
61139.1942,3150.2583,z,584.6279,raw
61155.1613,5089.291,z,489.30078,raw
61164.0396,4901.2197,z,649.23737,raw
61164.0401,5650.272,z,617.3497,raw
61164.109,4718.6675,z,511.42325,raw
61164.1099,4991.6787,z,503.35046,raw
61164.1117,4245.9575,z,505.6269,raw
61164.1332,5145.5015,z,592.4496,raw
61166.1755,5129.334,z,621.6935,raw
61166.1769,4790.7036,z,648.6849,raw
61183.0387,4706.3745,z,629.0103,raw
61189.0804,5478.317,z,954.73975,raw
61190.107,5270.567,z,1095.3611,raw
61191.0109,4079.6943,z,1173.383,raw
61191.031,3633.5862,z,752.1815,raw
61191.0315,5877.353,z,758.21216,raw
61192.0081,4946.298,z,652.5863,raw
61224.0033,3162.5308,z,523.9243,raw
61224.0042,3583.4363,z,529.44226,raw
61225.0009,4034.244,z,694.25543,raw
61225.0022,4516.8315,z,791.57697,raw
61226.0007,3809.1162,z,567.5543,raw
61155.1366,4512.46388807135,Y,545.229861393603,gp
61155.49940909091,4510.429525405308,Y,538.2817037719107,gp
61155.862218181814,4508.203853805977,Y,531.7189005935484,gp
61156.225027272725,4505.800078316997,Y,525.5380442477939,gp
61156.58783636364,4503.231388964469,Y,519.7352899669969,gp
61156.95064545454,4500.510955723722,Y,514.3063787629281,gp
61157.31345454545,4497.651929562908,Y,509.24666091786236,gp
61157.676263636364,4494.667443486569,Y,504.5511230041313,gp
61158.03907272727,4491.57061357668,Y,500.2144181589949,gp
61158.40188181818,4488.374540033469,Y,496.23089926595475,gp
61158.76469090909,4485.09230821518,Y,492.59465460912253,gp
61159.127499999995,4481.736989675941,Y,489.2995454999794,gp
61159.49030909091,4478.321643203508,Y,486.33924532278036,gp
61159.85311818182,4474.859315856115,Y,483.70727939956663,gp
61160.21592727272,4471.363043998132,Y,481.39706505128413,gp
61160.578736363634,4467.845854334277,Y,479.4019512223256,gp
61160.941545454545,4464.320764945214,Y,477.71525704442666,gp
61161.30435454546,4460.800786320417,Y,476.33030873463906,gp
61161.66716363636,4457.298922391125,Y,475.2404742641135,gp
61162.02997272727,4453.828171563074,Y,474.43919528196335,gp
61162.392781818184,4450.401527748855,Y,473.92001583936394,gp
61162.75559090909,4447.031981398934,Y,473.6766075274639,gp
61163.1184,4443.732520533297,Y,473.70279071703357,gp
61163.48120909091,4440.516131772686,Y,473.9925516638387,gp
61163.844018181815,4437.395801369181,Y,474.54005532141343,gp
61164.20682727273,4434.384495103513,Y,475.33964418344465,gp
61164.56963636364,4431.490516523396,Y,476.3837359504873,gp
61164.93244545454,4428.711673992544,Y,477.6601999385039,gp
61165.295254545454,4426.044343360685,Y,479.15653289294465,gp
61165.658063636365,4423.48490237848,Y,480.8605748589209,gp
61166.02087272727,4421.029730415794,Y,482.76056570215167,gp
61166.38368181818,4418.675253567686,Y,484.84513530744783,gp
61166.74649090909,4416.418920609607,Y,487.1020948868322,gp
61167.1093,4414.259190552897,Y,489.5184979149479,gp
61167.47210909091,4412.194566090099,Y,492.08192628264794,gp
61167.83491818182,4410.22355054173,Y,494.7805865945621,gp
61168.19772727272,4408.344647740814,Y,497.60334359400537,gp
61168.560536363635,4406.556361918023,Y,500.5397463311831,gp
61168.92334545455,4404.857197586582,Y,503.5800477294279,gp
61169.28615454545,4403.245659426667,Y,506.7152182167457,gp
61169.64896363636,4401.720252170093,Y,509.93695407875,gp
61170.01177272727,4400.279480484831,Y,513.237681167406,gp
61170.37458181818,4398.9218488592,Y,516.6105545630791,gp
61170.73739090909,4397.645861485888,Y,520.0494547421496,gp
61171.1002,4396.45002214608,Y,523.5489807523592,gp
61171.463009090905,4395.332834093297,Y,527.1044408462383,gp
61171.82581818182,4394.292799936929,Y,530.7118409703252,gp
61172.18862727273,4393.328421525762,Y,534.3678714525756,gp
61172.55143636363,4392.438199831385,Y,538.0698921827922,gp
61172.91424545454,4391.620634831121,Y,541.8159165338042,gp
61173.277054545455,4390.874225391046,Y,545.6045942241678,gp
61173.63986363637,4390.197469148736,Y,549.4351932867162,gp
61174.00267272727,4389.5888623957435,Y,553.3075812705578,gp
61174.36548181818,4389.046899959835,Y,557.2222057719998,gp
61174.72829090909,4388.5700750871265,Y,561.1800743623237,gp
61175.0911,4388.1568793239585,Y,565.1827339578649,gp
61175.45390909091,4387.805802398398,Y,569.2322496592151,gp
61175.81671818182,4387.5153321017115,Y,573.3311830671773,gp
61176.179527272725,4387.283954169425,Y,577.4825700740251,gp
61176.54233636364,4387.110152162182,Y,581.6898981199402,gp
61176.90514545455,4386.992407346363,Y,585.9570828940654,gp
61177.26795454545,4386.929198574391,Y,590.2884444637226,gp
61177.63076363636,4386.919002164778,Y,594.6886828079795,gp
61177.993572727275,4386.9602917818975,Y,599.1628527384379,gp
61178.35638181818,4387.0515383154225,Y,603.7163381946821,gp
61178.71919090909,4387.1912097595505,Y,608.354825904641,gp
61179.082,4387.377771091798,Y,613.084278412221,gp
61179.444809090906,4387.609684151601,Y,617.9109064846854,gp
61179.80761818182,4387.885407518526,Y,622.8411409198214,gp
61180.17042727273,4388.203396390161,Y,627.8816037891193,gp
61180.53323636363,4388.562102459654,Y,633.0390791657862,gp
61180.896045454545,4388.9599737930275,Y,638.3204833986306,gp
61181.25885454546,4389.395158565711,Y,643.7324439656006,gp
61181.62166363636,4389.86265638724,Y,649.2775114843962,gp
61181.98447272727,4390.355566835999,Y,654.95580218573,gp
61182.34728181818,4390.866958530975,Y,660.7674729073807,gp
61182.71009090909,4391.389894704398,Y,666.7127614832489,gp
61183.0729,4391.917432653179,Y,672.7919914052227,gp
61183.43570909091,4392.442623189749,Y,679.005575307214,gp
61183.798518181815,4392.958510092307,Y,685.354017331864,gp
61184.161327272726,4393.458129554765,Y,691.8379144422054,gp
61184.52413636364,4393.934509635799,Y,698.4579567341561,gp
61184.88694545454,4394.380669707554,Y,705.2149268169231,gp
61185.24975454545,4394.789619903533,Y,712.1096983172522,gp
61185.612563636365,4395.154360565817,Y,719.143233569993,gp
61185.97537272728,4395.467881691684,Y,726.3165805569781,gp
61186.33818181818,4395.723162379318,Y,733.630869147645,gp
61186.70099090909,4395.913170272882,Y,741.0873067057993,gp
61187.0638,4396.030861006693,Y,748.6871731118868,gp
61187.42660909091,4396.069177648567,Y,756.431815262607,gp
61187.78941818182,4396.021050142286,Y,764.3226410956697,gp
61188.15222727273,4395.879394749181,Y,772.3611131935605,gp
61188.515036363635,4395.637113488711,Y,780.5487420187385,gp
61188.877845454546,4395.287093578098,Y,788.8870788241331,gp
61189.24065454546,4394.8222068709965,Y,797.377708287423,gp
61189.60346363636,4394.235309295014,Y,806.0222409161888,gp
61189.96627272727,4393.5192402881985,Y,814.8223052618745,gp
61190.329081818185,4392.666822234487,Y,823.7795399857927,gp
61190.69189090909,4391.670859897946,Y,832.8955858167009,gp
61191.0547,4390.524139855716,Y,842.172077435679,gp
61140.1458,3335.1547855340214,g,200.8451833047668,gp
61140.4987040404,3340.5224660102385,g,194.5405508181147,gp
61140.851608080804,3345.4148188637873,g,189.67142102719805,gp
61141.204512121214,3349.791987804927,g,186.06105931036745,gp
61141.55741616162,3353.613833755234,g,183.51536574919874,gp
61141.91032020202,3356.8399206642434,g,181.83472392014767,gp
61142.26322424242,3359.4295012383654,g,180.82526636812673,gp
61142.616128282825,3361.3415025804616,g,180.30823102853742,gp
61142.96903232323,3362.534511733572,g,180.12679744723815,gp
61143.32193636364,3362.96676112754,g,180.1504309647253,gp
61143.67484040404,3362.5961139226674,g,180.27716414859978,gp
61144.027744444444,3361.380049248013,g,180.43439356985417,gp
61144.38064848485,3359.2756473295594,g,180.578736061269,gp
61144.73355252525,3356.2395745045033,g,180.69535685345514,gp
61145.08645656565,3352.228068118584,g,180.7970161660768,gp
61145.43936060606,3347.196921300607,g,180.92291632969685,gp
61145.792264646465,3341.101467612767,g,181.1372837555946,gp
61146.14516868687,3333.8965655704396,g,181.52749685599693,gp
61146.49807272727,3325.536583027735,g,182.20148311987288,gp
61146.85097676767,3315.975381427592,g,183.28407605655372,gp
61147.203880808076,3305.166299906501,g,184.9120745090515,gp
61147.556784848486,3293.062139256979,g,187.22791003959608,gp
61147.90968888889,3279.6151457374235,g,190.3721066521399,gp
61148.26259292929,3264.777763372713,g,194.47341232678897,gp
61148.615496969695,3248.5398969576927,g,199.56110630461475,gp
61148.9684010101,3230.9456104322817,g,205.5285500119094,gp
61149.3213050505,3212.0426415820402,g,212.24931635868907,gp
61149.67420909091,3191.8781711672927,g,219.59387049960543,gp
61150.02711313131,3170.498840023225,g,227.4352505145284,gp
61150.380017171716,3147.950765994221,g,235.65288882933376,gp
61150.73292121212,3124.279560738294,g,244.13485041708606,gp
61151.08582525252,3099.5303463767104,g,252.77886568522308,gp
61151.438729292924,3073.747772018198,g,261.4925275003561,gp
61151.791633333334,3046.9760301391925,g,270.19295934383786,gp
61152.14453737374,3019.2588728469746,g,278.8061843114684,gp
61152.49744141414,2990.639628011537,g,287.2663537488328,gp
61152.85034545454,2961.161215277467,g,295.5149378533994,gp
61153.203249494945,2930.86616196921,g,303.49993949774756,gp
61153.556153535355,2899.796618871351,g,311.1751645432579,gp
61153.90905757576,2867.994375921031,g,318.49956384393255,gp
61154.26196161616,2835.500877773915,g,325.43665113230156,gp
61154.614865656564,2802.357239295876,g,331.9539946430246,gp
61154.96776969697,2768.604260940583,g,338.0227770669013,gp
61155.32067373737,2734.2824440534496,g,343.61741699212047,gp
61155.67357777778,2699.432006073661,g,348.7152446866624,gp
61156.02648181818,2664.0928956693733,g,353.29622535574583,gp
61156.379385858585,2628.304807784938,g,357.3427236175634,gp
61156.73228989899,2592.107198613976,g,360.83930365886584,gp
61157.08519393939,2555.5393005134592,g,363.7725602805572,gp
61157.43809797979,2518.640136835804,g,366.1309767625604,gp
61157.7910020202,2481.4485367154557,g,367.90480612888507,gp
61158.143906060606,2444.0031497867076,g,369.08597299181196,gp
61158.49681010101,2406.3424608475834,g,369.66799367787155,gp
61158.84971414141,2368.504804484912,g,369.64591281097825,gp
61159.202618181815,2330.5283796368058,g,369.0162549524969,gp
61159.55552222222,2292.451264130794,g,367.77699028572493,gp
61159.90842626263,2254.3114291648435,g,365.92751369823054,gp
61160.26133030303,2216.146753777868,g,363.4686369727338,gp
61160.61423434343,2177.9950392603387,g,360.4025941552683,gp
61160.967138383836,2139.8940235680184,g,356.7330605567327,gp
61161.32004242424,2101.8813956893227,g,352.4651862609785,gp
61161.67294646464,2063.994810013148,g,347.60564550606324,gp
61162.02585050505,2026.27190066394,g,342.1627038787018,gp
61162.378754545454,1988.7502958425703,g,336.1463059805667,gp
61162.73165858586,1951.467632149006,g,329.5681871093881,gp
61163.08456262626,1914.4615689016518,g,322.44201363952664,gp
61163.43746666666,1877.7698024686088,g,314.7835582596617,gp
61163.79037070707,1841.4300805856092,g,306.61091814164234,gp
61164.143274747476,1805.4802167052585,g,297.94478666568904,gp
61164.49617878788,1769.9581043304825,g,288.8087926745705,gp
61164.84908282828,1734.9017313918303,g,279.22992573585066,gp
61165.201986868684,1700.349194622504,g,269.23907184281535,gp
61165.55489090909,1666.3387139749739,g,258.8716919494188,gp
61165.9077949495,1632.908647048771,g,248.16868618434017,gp
61166.2606989899,1600.0975035651627,g,237.17750016520256,gp
61166.6136030303,1567.9439598671197,g,225.95354679536825,gp
61166.966507070705,1536.4868734589836,g,214.56203685203394,gp
61167.31941111111,1505.7652975986239,g,203.08033191421313,gp
61167.67231515151,1475.818495923022,g,191.6009461759382,gp
61168.02521919192,1446.6859571385958,g,180.23531139057002,gp
61168.37812323232,1418.407409757403,g,169.11834259797007,gp
61168.731027272726,1391.0228368927,g,158.4136254458745,gp
61169.08393131313,1364.5724911258421,g,148.31855807644718,gp
61169.43683535353,1339.0969094275642,g,139.06784376586893,gp
61169.789739393935,1314.6369281632706,g,130.93223204132684,gp
61170.142643434345,1291.2337710225056,g,124.2072316363389,gp
61170.49554747475,1268.943541571014,g,119.10631581447085,gp
61170.84845151515,1247.8547206812818,g,115.639322630594,gp
61171.20135555555,1228.0604369558077,g,113.7659073359928,gp
61171.554259595956,1209.654233887819,g,113.4268071336119,gp
61171.90716363636,1192.730103214104,g,114.55434846501058,gp
61172.26006767677,1177.378081607454,g,117.08132449355796,gp
61172.61297171717,1163.5602468263696,g,120.90557812715176,gp
61172.965875757574,1151.0940449457194,g,125.8958545711242,gp
61173.31877979798,1139.789575320192,g,131.95327194916354,gp
61173.67168383838,1129.4573086784167,g,139.01914606205062,gp
61174.02458787878,1119.9080211274922,g,147.07305830108092,gp
61174.37749191919,1110.9527282397084,g,156.12659107812814,gp
61174.730395959596,1102.4026191958765,g,166.21499149422303,gp
61175.0833,1094.0689909715347,g,177.38837678343106,gp
61136.1766,3430.074418885619,i,294.82692084912514,gp
61137.08367272727,3457.116584491159,i,279.2598746526372,gp
61137.99074545455,3484.0058232921933,i,264.46602311978086,gp
61138.89781818182,3510.5851223118793,i,250.4778924407399,gp
61139.80489090909,3536.69710328436,i,237.33799236422715,gp
61140.711963636364,3562.1839433410078,i,225.1001932079233,gp
61141.619036363634,3586.8872955026727,i,213.83035997890696,gp
61142.526109090904,3610.6482089572505,i,203.60574267143156,gp
61143.43318181818,3633.307049083703,i,194.5125016007823,gp
61144.34025454545,3654.703417193216,i,186.64072221547215,gp
61145.24732727273,3674.676088364637,i,180.07643591406443,gp
61146.1544,3693.095125094626,i,174.8469145274575,gp
61147.06147272727,3709.9280499329034,i,170.82348947624942,gp
61147.96854545455,3725.1581774406277,i,167.8343733893133,gp
61148.87561818182,3738.7508314050056,i,165.6807348267274,gp
61149.78269090909,3750.6615301110705,i,164.16041347575984,gp
61150.689763636365,3760.844660298118,i,163.0908768599608,gp
61151.596836363635,3769.2535273141134,i,162.31665289178147,gp
61152.503909090905,3775.8403314449597,i,161.71305780899309,gp
61153.41098181818,3780.5561438030677,i,161.18688032357417,gp
61154.31805454545,3783.3511673299804,i,160.67453008535318,gp
61155.22512727272,3784.219780422854,i,160.1116060055987,gp
61156.1322,3783.2497709804143,i,159.4012571110733,gp
61157.03927272727,3780.5396227614738,i,158.4653045617441,gp
61157.94634545454,3776.186729943051,i,157.25265976221007,gp
61158.85341818182,3770.287445367193,i,155.7399113531818,gp
61159.76049090909,3762.937128373428,i,153.93149457696884,gp
61160.667563636365,3754.230192234988,i,151.8595730821212,gp
61161.574636363635,3744.2601512170722,i,149.5835752503597,gp
61162.481709090905,3733.1196672721876,i,147.18912225233467,gp
61163.38878181818,3720.9005963938575,i,144.7858644411709,gp
61164.29585454545,3707.693987612962,i,142.50310873702983,gp
61165.20292727272,3693.5791092821673,i,140.43142458691224,gp
61166.11,3678.6099716142785,i,138.56894904765534,gp
61167.01707272727,3662.8366656581593,i,136.91753697697615,gp
61167.92414545454,3646.308661325411,i,135.49973696196605,gp
61168.83121818182,3629.074832773691,i,134.36124128328237,gp
61169.73829090909,3611.1853063370368,i,133.56654271839815,gp
61170.64536363636,3592.7117453015576,i,133.14998095969216,gp
61171.552436363636,3573.7254165534146,i,133.100899674821,gp
61172.459509090906,3554.2827464417937,i,133.40260225211816,gp
61173.366581818176,3534.43913636725,i,134.06796487563503,gp
61174.27365454545,3514.2495732335346,i,135.1434002662925,gp
61175.180727272724,3493.76865780251,i,136.70784256544675,gp
61176.0878,3473.0506329355285,i,138.8677827145064,gp
61176.99487272727,3452.1532976080907,i,141.72925803829463,gp
61177.90194545454,3431.148468917924,i,145.33878813890766,gp
61178.80901818182,3410.1109958036104,i,149.73318910690483,gp
61179.71609090909,3389.111028833079,i,154.94321221608337,gp
61180.62316363636,3368.1760373787856,i,160.91870585250604,gp
61181.53023636364,3347.309139176433,i,167.56590578801573,gp
61182.43730909091,3326.489212213119,i,174.76640766056582,gp
61183.34438181818,3305.6657092817495,i,182.37565138266413,gp
61184.251454545454,3284.7860863824603,i,190.262842020155,gp
61185.158527272724,3263.7975703969996,i,198.3154275413747,gp
61186.065599999994,3242.6471343079934,i,206.4392255296174,gp
61186.97267272727,3221.2814722994717,i,214.55734760422996,gp
61187.87974545454,3199.646974729569,i,222.60850237154062,gp
61188.78681818182,3177.6897029664574,i,230.54503141825333,gp
61189.69389090909,3155.355364078092,i,238.33087215143797,gp
61190.60096363636,3132.5892853668392,i,245.93953806897844,gp
61191.50803636364,3109.340217246234,i,253.35146850935038,gp
61192.41510909091,3085.6192556546966,i,260.5408469915043,gp
61193.32218181818,3061.4685742424354,i,267.45763614116476,gp
61194.229254545455,3036.9092229026714,i,274.0349621600452,gp
61195.136327272725,3011.960776438511,i,280.2093594889594,gp
61196.043399999995,2986.6424325272037,i,285.9219590714026,gp
61196.95047272727,2960.9730227177315,i,291.1185119004823,gp
61197.85754545454,2934.9710232702073,i,295.74931536592806,gp
61198.76461818181,2908.6545658411815,i,299.76908534895733,gp
61199.67169090909,2882.0414480192135,i,303.13680482701824,gp
61200.57876363636,2855.1491437145437,i,305.8155709972224,gp
61201.48583636363,2827.994813407548,i,307.77245692754485,gp
61202.39290909091,2800.5953142572516,i,308.97839992226113,gp
61203.29998181818,2772.9672100813173,i,309.40812670259896,gp
61204.207054545455,2745.126781199275,i,309.0401248628929,gp
61205.114127272725,2717.090034154801,i,307.8566707105567,gp
61206.021199999996,2688.872711313858,i,305.8439255294424,gp
61206.92827272727,2660.4903003445356,i,302.9921156585729,gp
61207.83534545454,2631.958043582342,i,299.295816872783,gp
61208.74241818181,2603.2909472846623,i,294.75437093026596,gp
61209.64949090909,2574.503790775716,i,289.37247265585285,gp
61210.55656363636,2545.6111354930526,i,283.1609808147914,gp
61211.46363636363,2516.627333926958,i,276.1380271140742,gp
61212.37070909091,2487.5665384664476,i,268.33052754025425,gp
61213.27778181818,2458.4427101551605,i,259.7762424155153,gp
61214.18485454545,2429.2696273511024,i,250.5265905033853,gp
61215.091927272726,2400.0608943031484,i,240.6505030455113,gp
61215.998999999996,2370.8299496484287,i,230.23970850073263,gp
61216.906072727266,2341.590074821137,i,219.41596172782508,gp
61217.813145454544,2312.354402394103,i,208.34083942660158,gp
61218.720218181814,2283.135924343545,i,197.2287162937207,gp
61219.62729090909,2253.9475002406475,i,186.36316281339057,gp
61220.53436363636,2224.801865385432,i,176.11573191468665,gp
61221.44143636363,2195.7116388686977,i,166.96301871303086,gp
61222.34850909091,2166.689331577613,i,159.49209451898395,gp
61223.25558181818,2137.7473541482113,i,154.37703219987188,gp
61224.16265454545,2108.8983508133033,i,152.3073250960896,gp
61225.06972727273,2080.2231791452045,i,153.8346897099624,gp
61225.9768,2051.8971057277085,i,159.15845993052088,gp
61140.1696,3850.4351117966726,r,168.22086561500183,gp
61141.02602323233,3927.859394195737,r,151.90794545086658,gp
61141.882446464646,4004.411263919079,r,140.24200604599477,gp
61142.73886969697,4077.771769181978,r,131.84275310889345,gp
61143.59529292929,4145.6156626806405,r,125.5928226152307,gp
61144.45171616162,4205.608171894179,r,120.93194270328821,gp
61145.30813939394,4255.406093344776,r,117.96127011923849,gp
61146.16456262626,4293.6345460833545,r,117.02498022623128,gp
61147.02098585859,4321.12937294125,r,118.16254529585856,gp
61147.87740909091,4339.114782380158,r,121.66988768001094,gp
61148.73383232323,4349.643232857394,r,127.74628344540028,gp
61149.59025555556,4353.800216354939,r,135.70852444758032,gp
61150.44667878788,4351.670520568747,r,144.53454302812042,gp
61151.3031020202,4343.310329510037,r,153.56622525183002,gp
61152.15952525252,4328.765189565689,r,162.5317229416945,gp
61153.01594848485,4308.070076151969,r,171.48038847082202,gp
61153.872371717174,4281.249448749295,r,180.68844589187523,gp
61154.72879494949,4248.347073605815,r,190.48475211987653,gp
61155.58521818182,4209.715750684656,r,200.55217552526528,gp
61156.441641414145,4165.892419062817,r,210.1976137123481,gp
61157.298064646464,4117.4076101569735,r,218.80593908607557,gp
61158.15448787879,4064.783465513472,r,225.8701570483768,gp
61159.01091111111,4008.534478507965,r,230.9933519553062,gp
61159.867334343435,3949.1682274720224,r,233.88205393954038,gp
61160.72375757576,3887.186101016923,r,234.33831922052363,gp
61161.58018080808,3823.084016322384,r,232.25393353642875,gp
61162.436604040406,3757.3531311240076,r,227.60837467743545,gp
61163.293027272724,3690.480550158958,r,220.47165629249866,gp
61164.14945050505,3622.9500267983312,r,211.01339543854712,gp
61165.00587373738,3555.242660617194,r,199.52012784876092,gp
61165.862296969695,3487.8375916144214,r,186.42375508909126,gp
61166.71872020202,3421.2126918186987,r,172.34414333380923,gp
61167.57514343434,3355.845255016262,r,158.14516834747818,gp
61168.431566666666,3292.2126852978545,r,144.98710301785704,gp
61169.28798989899,3230.7942853710556,r,134.31193078812743,gp
61170.14441313131,3172.348940545955,r,127.37965422470174,gp
61171.00083636364,3117.8704962560078,r,124.22666231713448,gp
61171.857259595956,3067.0717358848487,r,123.32695786358867,gp
61172.71368282828,3019.382100757597,r,123.01866611289324,gp
61173.57010606061,2974.233859078675,r,122.12192004079556,gp
61174.42652929293,2931.0613470360186,r,120.07240644305813,gp
61175.28295252525,2889.3002115481722,r,116.94201211754931,gp
61176.13937575757,2848.3871058450604,r,113.44165551360855,gp
61176.9957989899,2808.08797122752,r,110.68020277025133,gp
61177.852222222224,2768.9454670969208,r,109.68411292515563,gp
61178.70864545454,2730.9567948878394,r,111.63741243631118,gp
61179.56506868687,2694.256382014122,r,117.8681715086057,gp
61180.42149191919,2658.6361126738047,r,129.23383482347955,gp
61181.27791515151,2623.4098194197722,r,146.13939454924477,gp
61182.13433838384,2588.0762884340947,r,168.3474242492306,gp
61182.99076161616,2552.5992513110978,r,194.4832439442777,gp
61183.847184848484,2517.0085317123885,r,223.25931357657782,gp
61184.70360808081,2481.3325876784947,r,253.7035803801805,gp
61185.56003131313,2445.59856765905,r,285.0991945940982,gp
61186.416454545455,2409.8323647801953,r,316.91090043948793,gp
61187.272877777774,2374.0586694171943,r,348.7287753933414,gp
61188.1293010101,2338.3010201184006,r,380.23007594099397,gp
61188.985724242426,2302.581852955598,r,411.154132101093,gp
61189.842147474745,2266.922549343639,r,441.2857639083706,gp
61190.69857070707,2231.3434823901334,r,470.4441251975437,gp
61191.55499393939,2195.864061834247,r,498.4750153881845,gp
61192.411417171716,2160.502777613394,r,525.2454427935396,gp
61193.26784040404,2125.2772421246264,r,550.6396815742925,gp
61194.12426363636,2090.2042312167396,r,574.5563437601423,gp
61194.98068686869,2055.299723966644,r,596.9061586345978,gp
61195.837110101005,2020.5789412913728,r,617.6102577740382,gp
61196.69353333333,1986.056383432253,r,636.5988309757863,gp
61197.54995656566,1951.7458663594225,r,653.8100614405682,gp
61198.406379797976,1917.660557145944,r,669.1892770089582,gp
61199.2628030303,1883.8130083425713,r,682.6882734649644,gp
61200.11922626262,1850.215191403251,r,694.2647792572037,gp
61200.97564949495,1816.878529195048,r,703.8820405998315,gp
61201.83207272727,1783.8139276396832,r,711.5085131382631,gp
61202.68849595959,1751.031806515275,r,717.1176521449373,gp
61203.54491919192,1718.542129459951,r,720.6877981808262,gp
61204.40134242424,1686.3544332189558,r,722.2021598539275,gp
61205.25776565656,1654.4778561578642,r,721.648900171297,gp
61206.11418888889,1622.9211660921028,r,719.0213384733013,gp
61206.97061212121,1591.6927874539324,r,714.3182865994739,gp
61207.82703535353,1560.8008278352936,r,707.5445464286707,gp
61208.68345858585,1530.253103943829,r,698.7116071833711,gp
61209.53988181818,1500.0571669919555,r,687.8385961561655,gp
61210.396305050504,1470.2203275645807,r,674.9535576521138,gp
61211.25272828282,1440.7496799841247,r,660.0951645740231,gp
61212.10915151515,1411.652126208046,r,643.3150090809683,gp
61212.965574747475,1382.934399291862,r,624.6806786827467,gp
61213.821997979794,1354.6030864391287,r,604.279909916146,gp
61214.67842121212,1326.664651670726,r,582.2262342950326,gp
61215.53484444444,1299.125458145416,r,558.6667043770383,gp
61216.391267676765,1271.991790151489,r,533.7925260930831,gp
61217.24769090909,1245.269874801037,r,507.85373330485896,gp
61218.10411414141,1218.9659034568213,r,481.17939358329454,gp
61218.960537373736,1193.0860529110396,r,454.20509916366115,gp
61219.816960606055,1167.6365063482954,r,427.50928099114725,gp
61220.67338383838,1142.623474114298,r,401.8582149922486,gp
61221.52980707071,1118.0532143218952,r,378.25445991124633,gp
61222.386230303026,1093.932053312521,r,357.9718022910666,gp
61223.24265353535,1070.2664060021052,r,342.5401242091368,gp
61224.09907676767,1047.0627961395876,r,333.6256666659605,gp
61224.9555,1024.327876494266,r,332.7697514252827,gp
61136.2005,3124.6362843392853,z,356.1163090795237,gp
61137.10757272727,3191.74406818625,z,340.41915509339674,gp
61138.01464545455,3260.1063795126174,z,327.0273616074625,gp
61138.92171818182,3329.6611078645947,z,315.979822631854,gp
61139.82879090909,3400.335803425485,z,307.2582788270607,gp
61140.735863636364,3471.9475295633165,z,300.6262997146706,gp
61141.642936363634,3544.2481873957367,z,295.7100766958779,gp
61142.550009090904,3616.9889599407106,z,292.12058011973255,gp
61143.45708181818,3689.9210315416058,z,289.47665250695366,gp
61144.36415454545,3762.795460600122,z,287.42257130004333,gp
61145.27122727273,3835.3630522353997,z,285.64022889183684,gp
61146.1783,3907.3742308215806,z,283.85614379303144,gp
61147.08537272727,3978.578912356148,z,281.84433173796356,gp
61147.99244545455,4048.7263766111646,z,279.42633145657874,gp
61148.89951818182,4117.565139019476,z,276.4695817993866,gp
61149.80659090909,4184.842822248167,z,272.8850837062734,gp
61150.713663636365,4250.306027410872,z,268.62498825286104,gp
61151.620736363635,4313.700204870955,z,263.6804956455625,gp
61152.527809090905,4374.7695245870855,z,258.08024357897494,gp
61153.43488181818,4433.256745952851,z,251.88919222137443,gp
61154.34195454545,4488.903087081562,z,245.20784913356928,gp
61155.24902727272,4541.448148262345,z,238.17146380525065,gp
61156.1561,4590.709379361011,z,230.91444827561153,gp
61157.06317272727,4636.741306501957,z,223.50289712524946,gp
61157.97024545454,4679.641208175148,z,216.0270294051805,gp
61158.87731818182,4719.50453414255,z,208.63135865835562,gp
61159.78439090909,4756.424949941284,z,201.52493555184495,gp
61160.691463636365,4790.494380700526,z,194.98905512896928,gp
61161.598536363636,4821.803054271033,z,189.3788905070063,gp
61162.505609090906,4850.439543692788,z,185.11355213004472,gp
61163.41268181818,4876.490809015886,z,182.64823123066645,gp
61164.31975454545,4900.043042409263,z,182.4234224916543,gp
61165.22682727272,4921.190261252203,z,184.62819354199104,gp
61166.1339,4940.004592898404,z,189.0054087325811,gp
61167.04097272727,4956.552615367596,z,195.1705484403297,gp
61167.94804545454,4970.913191233107,z,202.62667874997405,gp
61168.85511818182,4983.167681979474,z,210.88166504775347,gp
61169.76219090909,4993.396106721695,z,219.50536281636158,gp
61170.66926363636,5001.677180727405,z,228.13944962738634,gp
61171.576336363636,5008.088353652165,z,236.49578878756432,gp
61172.483409090906,5012.705847270474,z,244.34963054399694,gp
61173.390481818176,5015.604692714878,z,251.5314788742007,gp
61174.297554545454,5016.858767235062,z,257.9195289529384,gp
61175.204627272724,5016.540830493235,z,263.43342078819705,gp
61176.1117,5014.722560407565,z,268.02946012574967,gp
61177.01877272727,5011.4745885575685,z,271.6971943394654,gp
61177.92584545454,5006.866535163819,z,274.4571330752542,gp
61178.83291818182,5000.967043656179,z,276.3593735808588,gp
61179.73999090909,4993.843814842505,z,277.4828765672641,gp
61180.64706363636,4985.5636406899575,z,277.9351128962512,gp
61181.55413636364,4976.192437733283,z,277.8517509707312,gp
61182.46120909091,4965.795280121216,z,277.3959755664118,gp
61183.36828181818,4954.435630143598,z,276.7560477811382,gp
61184.275354545454,4942.13700352337,z,276.10048258392595,gp
61185.182427272724,4928.8660978768385,z,275.55814356997826,gp
61186.089499999995,4914.584514372029,z,275.2758648264227,gp
61186.99657272727,4899.25305491258,z,275.42260435380445,gp
61187.90364545454,4882.831703656739,z,276.18625819579927,gp
61188.81071818182,4865.279608196324,z,277.76751798584195,gp
61189.71779090909,4846.561234261011,z,280.36790804193123,gp
61190.62486363636,4826.705076841805,z,284.1516314122316,gp
61191.53193636364,4805.801570665353,z,289.2231525329182,gp
61192.43900909091,4783.902083820598,z,295.5457353686068,gp
61193.34608181818,4761.0301919064295,z,302.9250669670725,gp
61194.253154545455,4737.23479883431,z,311.10034090010606,gp
61195.160227272725,4712.56541534311,z,319.8113277889353,gp
61196.067299999995,4687.070832063044,z,328.8106500878342,gp
61196.97437272727,4660.799145105702,z,337.86954561292913,gp
61197.88144545454,4633.797781361507,z,346.78062420689406,gp
61198.78851818181,4606.113523513981,z,355.35855273520764,gp
61199.69559090909,4577.792534780652,z,363.4394579658833,gp
61200.60266363636,4548.880383389565,z,370.8796368289755,gp
61201.50973636363,4519.422066800958,z,377.55397702716573,gp
61202.41680909091,4489.462035683209,z,383.3543443634362,gp
61203.32388181818,4459.044217651986,z,388.1880895946561,gp
61204.230954545455,4428.212040781851,z,391.9767604085025,gp
61205.138027272726,4397.008456899202,z,394.65506422668386,gp
61206.045099999996,4365.4759646651655,z,396.1701069465116,gp
61206.95217272727,4333.656632457547,z,396.4809254752043,gp
61207.85924545454,4301.592121060377,z,395.558334069104,gp
61208.76631818181,4269.323706169715,z,393.38511385564914,gp
61209.67339090909,4236.892300724154,z,389.95659062377257,gp
61210.58046363636,4204.338477068894,z,385.2816681793351,gp
61211.48753636363,4171.702488961382,z,379.38441420179475,gp
61212.39460909091,4139.024293427319,z,372.30633396664996,gp
61213.30168181818,4106.343572475045,z,364.10951570060547,gp
61214.20875454545,4073.699754676767,z,354.8808893713886,gp
61215.115827272726,4041.13203662484,z,344.7379035305753,gp
61216.022899999996,4008.67940427125,z,333.83597678401566,gp
61216.92997272727,3976.3806541585654,z,322.37808271233746,gp
61217.837045454544,3944.274414550171,z,310.6266951952188,gp
61218.744118181814,3912.399166468269,z,298.9178909924948,gp
61219.65119090909,3880.7932646473637,z,287.67640024616566,gp
61220.55826363636,3849.4949584111964,z,277.42844549958147,gp
61221.46533636363,3818.5424124815618,z,268.8060991823457,gp
61222.37240909091,3787.9737277262393,z,262.5332750127937,gp
61223.27948181818,3757.8269618545964,z,259.3820913986516,gp
61224.18655454545,3728.1395852949063,z,260.0939523655106,gp
61225.09362727273,3698.8321230715446,z,265.1958750280479,gp
61226.0007,3669.634857883182,z,274.79042978972564,gp
