mjd,band,ccdnum,field,photflag,photprob,fluxcal,fluxcalerr,psf_sig1,psf_sig2,psf_ratio,sky_sig,sky_sig_t,rdnoise,zeropt,zeropt_err,gain,xpix,ypix,sim_fluxcal_hosterr,sim_magobs,s2n,period,deltamjd,oid
60276.2985,Y,-9,VOID,0,-9.0,41.052513,36.053143,2.26,0.0,0.0,49.11,0.0,0.25,30.1,0.005,1.0,-9.0,-9.0,0.0,22.535023,1.1386667,8.11041201150116,0.0,1419
60276.3219,Y,-9,VOID,0,-9.0,19.366686,31.97284,2.08,0.0,0.0,48.19,0.0,0.25,30.12,0.005,1.0,-9.0,-9.0,0.0,22.54318,0.605723,8.133812011504004,0.023400000005494803,1419
60280.3172,i,-9,VOID,0,-9.0,16.210958,10.282072,1.75,0.0,0.0,57.15,0.0,0.25,31.39,0.005,1.0,-9.0,-9.0,0.0,21.275887,1.5766237,12.129112011501103,4.0187000000005355,1419
60280.3288,z,-9,VOID,0,-9.0,12.924663,12.407018,1.57,0.0,0.0,55.94,0.0,0.25,31.03,0.005,1.0,-9.0,-9.0,0.0,21.642939,1.0417219,12.14071201150732,4.030300000005809,1419
60286.3161,i,-9,VOID,0,-9.0,-14.067638,6.002673,1.59,0.0,0.0,31.53,0.0,0.25,31.32,0.005,1.0,-9.0,-9.0,0.0,21.372997,-2.3435624,18.128012011497063,10.01759999999922,1419
60286.3277,r,-9,VOID,0,-9.0,8.455608,4.2880173,1.47,0.0,0.0,25.28,0.0,0.25,31.55,0.005,1.0,-9.0,-9.0,0.0,21.1431,1.9719156,18.139612011503278,10.029200000004494,1419
60287.341,i,-9,VOID,0,-9.0,0.6915295,6.785097,1.81,0.0,0.0,32.45,0.0,0.25,31.33,0.005,1.0,-9.0,-9.0,0.0,21.309687,0.10191888,19.152912011504934,11.042500000003201,1419
60287.3532,r,-9,VOID,0,-9.0,-3.2959073,5.708795,1.79,0.0,0.0,34.65,0.0,0.25,31.61,0.005,1.0,-9.0,-9.0,0.0,21.193172,-0.5773385,19.16511201149996,11.054700000000594,1419
60293.3244,r,-9,VOID,0,-9.0,22.40859,5.934111,2.46,0.0,0.0,24.07,0.0,0.25,31.53,0.005,1.0,-9.0,-9.0,0.0,21.098032,3.7762337,25.136312011497132,17.025900000000547,1419
60293.3362,i,-9,VOID,0,-9.0,17.042048,7.222354,1.99,0.0,0.0,31.34,0.0,0.25,31.32,0.005,1.0,-9.0,-9.0,0.0,21.27053,2.359625,25.148112011502548,17.03770000000077,1419
60298.2862,r,-9,VOID,0,-9.0,10.723661,3.9433124,1.27,0.0,0.0,24.29,0.0,0.25,31.54,0.005,1.0,-9.0,-9.0,0.0,21.104967,2.7194552,30.098112011507766,21.987700000005134,1419
60298.2871,r,-9,VOID,0,-9.0,19.064772,3.9418128,1.27,0.0,0.0,24.28,0.0,0.25,31.55,0.005,1.0,-9.0,-9.0,0.0,21.10544,4.8365493,30.099012011499767,21.988600000004226,1419
60298.3067,i,-9,VOID,0,-9.0,23.048542,4.6906013,1.12,0.0,0.0,30.96,0.0,0.25,31.34,0.005,1.0,-9.0,-9.0,0.0,21.281136,4.913771,30.11861201150027,22.008200000003853,1419
60298.3077,i,-9,VOID,0,-9.0,11.475696,4.651881,1.12,0.0,0.0,30.93,0.0,0.25,31.34,0.005,1.0,-9.0,-9.0,0.0,21.281662,2.4668934,30.11961201149626,22.00920000000042,1419
60298.3277,i,-9,VOID,0,-9.0,7.2278113,5.315484,1.37,0.0,0.0,30.9,0.0,0.25,31.33,0.005,1.0,-9.0,-9.0,0.0,21.289188,1.3597654,30.13961201150395,22.029200000004494,1419
60298.3395,z,-9,VOID,0,-9.0,6.2941303,8.559342,1.34,0.0,0.0,42.96,0.0,0.25,31.01,0.005,1.0,-9.0,-9.0,0.0,21.664505,0.7353521,30.15141201150058,22.041000000004715,1419
60298.3435,z,-9,VOID,0,-9.0,9.411346,9.390067,1.47,0.0,0.0,43.4,0.0,0.25,31.01,0.005,1.0,-9.0,-9.0,0.0,21.66586,1.0022662,30.15541201150212,22.04500000000553,1419
60300.285,z,-9,VOID,0,-9.0,-41.905647,12.801529,2.11,0.0,0.0,42.11,0.0,0.25,31.0,0.005,1.0,-9.0,-9.0,0.0,21.864958,-3.2734876,32.096912011508294,23.986500000006345,1419
60300.3138,Y,-9,VOID,0,-9.0,-30.115591,19.148682,1.49,0.0,0.0,40.55,0.0,0.25,30.13,0.005,1.0,-9.0,-9.0,0.0,22.9941,-1.572724,32.12571201150706,24.01530000000639,1419
60302.2846,Y,-9,VOID,0,-9.0,29.88937,35.63355,2.64,0.0,0.0,42.34,0.0,0.25,30.12,0.005,1.0,-9.0,-9.0,0.0,22.547668,0.8387986,34.09651201150562,25.986100000001898,1419
60302.3031,Y,-9,VOID,0,-9.0,-44.559067,36.510887,2.78,0.0,0.0,41.31,0.0,0.25,30.12,0.005,1.0,-9.0,-9.0,0.0,22.538708,-1.2204323,34.115012011497356,26.00460000000021,1419
60310.3504,Y,-9,VOID,0,-9.0,8.115608,20.588411,1.28,0.0,0.0,50.6,0.0,0.25,30.13,0.005,1.0,-9.0,-9.0,0.0,22.514154,0.3941833,42.16231201150588,34.051900000005844,1419
60310.3618,Y,-9,VOID,0,-9.0,-51.969337,30.051527,1.29,0.0,0.0,74.61,0.0,0.25,30.14,0.005,1.0,-9.0,-9.0,0.0,22.512154,-1.729341,42.173712011504115,34.06330000000162,1419
60314.2063,r,-9,VOID,0,-9.0,21.39039,5.300756,2.02,0.0,0.0,24.77,0.0,0.25,31.52,0.005,1.0,-9.0,-9.0,0.0,21.096624,4.035347,46.01821201149947,37.90780000000086,1419
60314.2306,i,-9,VOID,0,-9.0,19.1481,6.7340794,1.77,0.0,0.0,32.63,0.0,0.25,31.33,0.005,1.0,-9.0,-9.0,0.0,21.271227,2.8434622,46.0425120115031,37.93210000000545,1419
60317.2827,u,-9,VOID,0,-9.0,2.103761,4.5296655,1.76,0.0,0.0,4.95,0.0,0.25,29.66,0.005,1.0,-9.0,-9.0,0.0,24.349869,0.4644407,49.09461201150309,40.98420000000624,1419
60318.2823,u,-9,VOID,0,-9.0,-3.2622886,3.9326591,1.56,0.0,0.0,5.01,0.0,0.25,29.69,0.005,1.0,-9.0,-9.0,0.0,24.36066,-0.8295376,50.094212011502556,41.98380000000179,1419
60318.2827,u,-9,VOID,0,-9.0,-2.1473145,4.015009,1.57,0.0,0.0,5.02,0.0,0.25,29.68,0.005,1.0,-9.0,-9.0,0.0,24.360449,-0.53482187,50.09461201150973,41.98420000000624,1419
60318.3035,g,-9,VOID,0,-9.0,10.90493,3.3765776,1.73,0.0,0.0,15.19,0.0,0.25,31.53,0.005,1.0,-9.0,-9.0,0.0,21.471832,3.2295809,50.115412011505434,42.00500000000466,1419
60322.2912,r,-9,VOID,0,-9.0,-1.0366529,4.0265245,1.37,0.0,0.0,24.34,0.0,0.25,31.55,0.005,1.0,-9.0,-9.0,0.0,21.154766,-0.257456,54.10311201149785,45.992700000002515,1419
60322.3146,i,-9,VOID,0,-9.0,-38.638004,6.235541,1.7,0.0,0.0,31.32,0.0,0.25,31.32,0.005,1.0,-9.0,-9.0,0.0,21.475761,-6.196416,54.1265120115007,46.01610000000073,1419
60324.1915,g,-9,VOID,0,-9.0,6.502673,3.4809945,1.82,0.0,0.0,15.12,0.0,0.25,31.51,0.005,1.0,-9.0,-9.0,0.0,21.509224,1.8680505,56.00341201150225,47.89300000000367,1419
60324.1919,g,-9,VOID,0,-9.0,-3.7570732,3.5298455,1.9,0.0,0.0,15.2,0.0,0.25,31.51,0.005,1.0,-9.0,-9.0,0.0,21.510489,-1.0643733,56.00381201150064,47.89340000000084,1419
60324.2942,u,-9,VOID,0,-9.0,3.0861688,6.3674617,2.47,0.0,0.0,4.84,0.0,0.25,29.6,0.005,1.0,-9.0,-9.0,0.0,24.529562,0.48467803,56.106112011499114,47.99569999999949,1419
60324.3209,r,-9,VOID,0,-9.0,10.56959,5.358831,2.07,0.0,0.0,24.73,0.0,0.25,31.52,0.005,1.0,-9.0,-9.0,0.0,21.131388,1.9723686,56.13281201150191,48.02240000000165,1419
60324.3323,i,-9,VOID,0,-9.0,7.1496763,6.74256,1.77,0.0,0.0,32.17,0.0,0.25,31.31,0.005,1.0,-9.0,-9.0,0.0,21.295385,1.0603801,56.144212011500144,48.0338000000047,1419
60325.2887,g,-9,VOID,0,-9.0,10.095133,3.0523922,1.38,0.0,0.0,15.32,0.0,0.25,31.55,0.005,1.0,-9.0,-9.0,0.0,21.486568,3.3072855,57.100612011497056,48.990200000000186,1419
60325.3129,r,-9,VOID,0,-9.0,5.101619,4.3619294,1.52,0.0,0.0,24.67,0.0,0.25,31.53,0.005,1.0,-9.0,-9.0,0.0,21.130177,1.1695784,57.1248120114967,49.01440000000002,1419
60331.1628,z,-9,VOID,0,-9.0,10.172098,14.37871,1.87,0.0,0.0,53.83,0.0,0.25,31.01,0.005,1.0,-9.0,-9.0,0.0,21.668282,0.7074416,62.97471201150127,54.864300000001094,1419
60331.1642,z,-9,VOID,0,-9.0,15.669652,13.216496,1.73,0.0,0.0,53.74,0.0,0.25,31.02,0.005,1.0,-9.0,-9.0,0.0,21.667913,1.1856132,62.97611201150444,54.86570000000211,1419
60331.1868,Y,-9,VOID,0,-9.0,-3.8948207,22.389444,1.57,0.0,0.0,44.57,0.0,0.25,30.12,0.005,1.0,-9.0,-9.0,0.0,22.532734,-0.1739579,62.99871201150171,54.888300000005984,1419
60337.2407,Y,-9,VOID,0,-9.0,-10.7391615,27.036625,1.69,0.0,0.0,51.56,0.0,0.25,30.15,0.005,1.0,-9.0,-9.0,0.0,22.541971,-0.39720792,69.05261201150563,60.94220000000496,1419
60337.2637,Y,-9,VOID,0,-9.0,59.08135,35.41832,2.18,0.0,0.0,51.86,0.0,0.25,30.14,0.005,1.0,-9.0,-9.0,0.0,22.532957,1.6681014,69.07561201151009,60.96520000000601,1419
60338.2019,z,-9,VOID,0,-9.0,-9.654023,13.810531,1.64,0.0,0.0,60.66,0.0,0.25,31.04,0.005,1.0,-9.0,-9.0,0.0,21.65807,-0.6990335,70.01381201150087,61.903400000002875,1419
60338.2261,Y,-9,VOID,0,-9.0,-12.220542,24.642353,1.66,0.0,0.0,47.8,0.0,0.25,30.15,0.005,1.0,-9.0,-9.0,0.0,22.541536,-0.4959162,70.03801201150051,61.92760000000271,1419
60346.235,u,-9,VOID,0,-9.0,-12.593515,7.169151,2.81,0.0,0.0,4.85,0.0,0.25,29.58,0.005,1.0,-9.0,-9.0,0.0,24.462917,-1.7566258,0.7800042063913626,69.93650000000343,1419
60348.2279,u,-9,VOID,0,-9.0,3.1078997,4.5933056,1.75,0.0,0.0,4.99,0.0,0.25,29.65,0.005,1.0,-9.0,-9.0,0.0,24.420492,0.67661506,2.7729042063847924,71.9294000000009,1419
60348.2292,u,-9,VOID,0,-9.0,10.698172,4.798649,1.77,0.0,0.0,5.0,0.0,0.25,29.64,0.005,1.0,-9.0,-9.0,0.0,24.414677,2.2294133,2.774204206392759,71.93070000000444,1419
60348.2508,r,-9,VOID,0,-9.0,5.8142643,4.5502896,1.63,0.0,0.0,24.75,0.0,0.25,31.53,0.005,1.0,-9.0,-9.0,0.0,21.12919,1.277779,2.795804206394034,71.95230000000447,1419
60348.2521,r,-9,VOID,0,-9.0,10.595356,4.952307,1.84,0.0,0.0,25.03,0.0,0.25,31.53,0.005,1.0,-9.0,-9.0,0.0,21.128849,2.1394787,2.7971042063844314,71.95360000000073,1419
60353.1912,g,-9,VOID,0,-9.0,3.6475565,4.809987,3.08,0.0,0.0,15.33,0.0,0.25,31.52,0.005,1.0,-9.0,-9.0,0.0,21.498623,0.7583298,7.736204206393805,76.89270000000397,1419
60353.1931,g,-9,VOID,0,-9.0,6.6255355,4.840613,3.1,0.0,0.0,15.33,0.0,0.25,31.52,0.005,1.0,-9.0,-9.0,0.0,21.497622,1.368739,7.738104206381798,76.89459999999963,1419
60353.2157,r,-9,VOID,0,-9.0,9.571289,6.814208,2.9,0.0,0.0,24.49,0.0,0.25,31.53,0.005,1.0,-9.0,-9.0,0.0,21.120598,1.4046077,7.7607042063878495,76.9172000000035,1419
60353.2175,r,-9,VOID,0,-9.0,21.512512,7.6259346,3.26,0.0,0.0,24.61,0.0,0.25,31.52,0.005,1.0,-9.0,-9.0,0.0,21.119652,2.8209672,7.76250420638942,76.91900000000169,1419
60353.2403,r,-9,VOID,0,-9.0,14.227631,5.6675935,2.23,0.0,0.0,24.78,0.0,0.25,31.52,0.005,1.0,-9.0,-9.0,0.0,21.109652,2.5103478,7.785304206385885,76.94180000000051,1419
60356.1003,i,-9,VOID,0,-9.0,11.500651,7.96234,2.08,0.0,0.0,33.73,0.0,0.25,31.32,0.005,1.0,-9.0,-9.0,0.0,21.312988,1.4443809,10.645304206387143,79.8018000000011,1419
60356.1062,i,-9,VOID,0,-9.0,-2.203112,8.940919,2.39,0.0,0.0,33.62,0.0,0.25,31.32,0.005,1.0,-9.0,-9.0,0.0,21.340132,-0.24640776,10.651204206394242,79.80770000000484,1419
60356.125,z,-9,VOID,0,-9.0,-26.052168,12.059133,1.94,0.0,0.0,42.93,0.0,0.25,31.0,0.005,1.0,-9.0,-9.0,0.0,21.873772,-2.1603682,10.670004206389171,79.82650000000285,1419
60356.1469,z,-9,VOID,0,-9.0,-89.7298,13.291708,2.21,0.0,0.0,42.03,0.0,0.25,31.0,0.005,1.0,-9.0,-9.0,0.0,22.16118,-6.75081,10.691904206384852,79.84840000000258,1419
60356.1712,Y,-9,VOID,0,-9.0,-12.294556,32.338375,2.51,0.0,0.0,40.45,0.0,0.25,30.12,0.005,1.0,-9.0,-9.0,0.0,23.044834,-0.3801847,10.71620420638848,79.8726999999999,1419
60356.2547,i,-9,VOID,0,-9.0,13.567795,10.262588,2.83,0.0,0.0,32.35,0.0,0.25,31.3,0.005,1.0,-9.0,-9.0,0.0,21.288874,1.3220637,10.799704206383243,79.95620000000054,1419
60356.2751,i,-9,VOID,0,-9.0,23.321724,8.899792,2.33,0.0,0.0,33.13,0.0,0.25,31.29,0.005,1.0,-9.0,-9.0,0.0,21.280136,2.6204798,10.820104206389328,79.97660000000178,1419
60356.2791,z,-9,VOID,0,-9.0,19.978329,14.485179,2.16,0.0,0.0,45.61,0.0,0.25,30.98,0.005,1.0,-9.0,-9.0,0.0,21.650124,1.3792255,10.824104206390865,79.9806000000026,1419
60358.2239,i,-9,VOID,0,-9.0,24.440899,5.7668962,1.46,0.0,0.0,31.82,0.0,0.25,31.32,0.005,1.0,-9.0,-9.0,0.0,21.266018,4.2381372,12.768904206388207,81.92540000000008,1419
60358.2481,z,-9,VOID,0,-9.0,17.333963,9.583916,1.46,0.0,0.0,44.18,0.0,0.25,31.0,0.005,1.0,-9.0,-9.0,0.0,21.63611,1.8086514,12.793104206387845,81.94959999999992,1419
60366.0395,i,-9,VOID,0,-9.0,-99.75241,18.506996,2.47,0.0,0.0,74.02,0.0,0.25,31.37,0.005,1.0,-9.0,-9.0,0.0,21.887758,-5.3899837,20.58450420638981,89.7410000000018,1419
60366.0635,z,-9,VOID,0,-9.0,-62.674168,19.877487,1.97,0.0,0.0,72.97,0.0,0.25,31.03,0.005,1.0,-9.0,-9.0,0.0,21.961357,-3.1530228,20.608504206381465,89.76499999999942,1419
60366.122,Y,-9,VOID,0,-9.0,-35.90762,25.572067,1.58,0.0,0.0,52.22,0.0,0.25,30.15,0.005,1.0,-9.0,-9.0,0.0,22.537378,-1.4041735,20.667004206388576,89.82350000000588,1419
60366.1446,Y,-9,VOID,0,-9.0,-3.4972005,30.416723,1.88,0.0,0.0,52.18,0.0,0.25,30.15,0.005,1.0,-9.0,-9.0,0.0,22.528484,-0.11497624,20.689604206385845,89.84610000000248,1419
60369.2192,i,-9,VOID,0,-9.0,10.639968,10.292152,1.94,0.0,0.0,50.18,0.0,0.25,31.36,0.005,1.0,-9.0,-9.0,0.0,21.270386,1.0337943,23.764204206387895,92.9207000000024,1419
60369.2434,z,-9,VOID,0,-9.0,5.5895147,14.602786,1.85,0.0,0.0,54.29,0.0,0.25,30.99,0.005,1.0,-9.0,-9.0,0.0,21.636124,0.38277042,23.788404206387533,92.94490000000224,1419
60376.1173,r,-9,VOID,0,-9.0,32.728615,6.4347363,2.7,0.0,0.0,24.28,0.0,0.25,31.53,0.005,1.0,-9.0,-9.0,0.0,21.094625,5.0862403,30.662304206390406,99.81880000000092,1419
60376.1421,i,-9,VOID,0,-9.0,19.838888,6.6130776,1.79,0.0,0.0,31.2,0.0,0.25,31.32,0.005,1.0,-9.0,-9.0,0.0,21.270153,2.9999478,30.687104206387637,99.84360000000015,1419
60386.9975,z,-9,VOID,0,-9.0,9.524517,14.485075,1.67,0.0,0.0,61.32,0.0,0.25,31.02,0.005,1.0,-9.0,-9.0,0.0,21.66715,0.6575401,41.54250420639021,110.69900000000052,1419
60387.0087,i,-9,VOID,0,-9.0,14.487012,7.7897162,1.69,0.0,0.0,41.66,0.0,0.25,31.35,0.005,1.0,-9.0,-9.0,0.0,21.292135,1.8597612,41.55370420638925,110.71020000000135,1419
60390.0136,z,-9,VOID,0,-9.0,-21.234879,14.140938,1.63,0.0,0.0,62.04,0.0,0.25,31.03,0.005,1.0,-9.0,-9.0,0.0,21.704363,-1.5016599,44.55860420638515,113.71510000000126,1419
60390.0379,Y,-9,VOID,0,-9.0,1.9276626,21.549156,1.42,0.0,0.0,48.26,0.0,0.25,30.14,0.005,1.0,-9.0,-9.0,0.0,22.540485,0.089454204,44.582904206388775,113.73940000000584,1419
60390.1519,Y,-9,VOID,0,-9.0,24.530973,23.006113,1.44,0.0,0.0,49.37,0.0,0.25,30.11,0.005,1.0,-9.0,-9.0,0.0,22.510878,1.0662806,44.69690420638867,113.85339999999997,1419
60390.175,Y,-9,VOID,0,-9.0,-37.316166,24.3188,1.47,0.0,0.0,50.48,0.0,0.25,30.09,0.005,1.0,-9.0,-9.0,0.0,22.511877,-1.5344576,44.72000420638833,113.87650000000576,1419
60394.1155,Y,-9,VOID,0,-9.0,-59.33547,25.298145,1.51,0.0,0.0,53.64,0.0,0.25,30.14,0.005,1.0,-9.0,-9.0,0.0,22.811302,-2.3454473,48.66050420638545,117.81700000000274,1419
60394.1381,Y,-9,VOID,0,-9.0,21.328285,39.797016,2.28,0.0,0.0,54.31,0.0,0.25,30.11,0.005,1.0,-9.0,-9.0,0.0,23.093884,0.53592676,48.683104206382716,117.83959999999934,1419
60395.9945,i,-9,VOID,0,-9.0,-25.596233,11.603598,2.1,0.0,0.0,53.99,0.0,0.25,31.38,0.005,1.0,-9.0,-9.0,0.0,21.389025,-2.2058878,50.53950420639176,119.69600000000355,1419
60396.0053,z,-9,VOID,0,-9.0,-44.68817,15.842173,2.05,0.0,0.0,55.06,0.0,0.25,31.02,0.005,1.0,-9.0,-9.0,0.0,21.847458,-2.820836,50.55030420638361,119.70679999999993,1419
60396.1016,i,-9,VOID,0,-9.0,-5.025935,13.49138,2.08,0.0,0.0,64.97,0.0,0.25,31.4,0.005,1.0,-9.0,-9.0,0.0,21.302664,-0.37252936,50.64660420638857,119.80310000000463,1419
60396.1255,z,-9,VOID,0,-9.0,7.8100734,15.660013,1.85,0.0,0.0,60.6,0.0,0.25,31.03,0.005,1.0,-9.0,-9.0,0.0,21.66303,0.4987271,50.670504206393794,119.82700000000477,1419
60401.095,g,-9,VOID,0,-9.0,12.540474,3.3614807,1.7,0.0,0.0,15.02,0.0,0.25,31.52,0.005,1.0,-9.0,-9.0,0.0,21.479149,3.73064,55.64000420638674,124.79650000000402,1419
60401.096,g,-9,VOID,0,-9.0,15.451121,3.2277274,1.55,0.0,0.0,15.06,0.0,0.25,31.53,0.005,1.0,-9.0,-9.0,0.0,21.478622,4.786997,55.64100420638274,124.79750000000058,1419
60401.1194,r,-9,VOID,0,-9.0,10.698371,5.4138923,1.79,0.0,0.0,30.33,0.0,0.25,31.56,0.005,1.0,-9.0,-9.0,0.0,21.102901,1.976096,55.664404206394366,124.82090000000608,1419
60401.1203,r,-9,VOID,0,-9.0,13.851576,5.3145795,1.77,0.0,0.0,30.16,0.0,0.25,31.57,0.005,1.0,-9.0,-9.0,0.0,21.102665,2.6063352,55.66530420639515,124.82180000000517,1419
60409.1064,r,-9,VOID,0,-9.0,18.165556,5.629311,2.19,0.0,0.0,24.67,0.0,0.25,31.51,0.005,1.0,-9.0,-9.0,0.0,21.100218,3.226959,63.65140420638543,132.8078999999998,1419
60412.0345,r,-9,VOID,0,-9.0,-20.995474,4.6075807,1.77,0.0,0.0,24.15,0.0,0.25,31.54,0.005,1.0,-9.0,-9.0,0.0,21.22338,-4.556724,66.57950420639045,135.73600000000442,1419
60414.0558,Y,-9,VOID,0,-9.0,-33.38743,32.348183,2.45,0.0,0.0,41.11,0.0,0.25,30.11,0.005,1.0,-9.0,-9.0,0.0,22.512497,-1.0321269,68.60080420639305,137.75730000000476,1419
60414.0562,Y,-9,VOID,0,-9.0,2.8830676,29.395905,2.24,0.0,0.0,40.76,0.0,0.25,30.11,0.005,1.0,-9.0,-9.0,0.0,22.512392,0.098077185,68.60120420639144,137.75770000000193,1419
60414.0785,Y,-9,VOID,0,-9.0,15.297523,37.20906,2.73,0.0,0.0,41.62,0.0,0.25,30.09,0.005,1.0,-9.0,-9.0,0.0,22.509878,0.41112357,68.6235042063943,137.7800000000061,1419
60414.0789,Y,-9,VOID,0,-9.0,-3.2410524,35.92818,2.69,0.0,0.0,41.18,0.0,0.25,30.1,0.005,1.0,-9.0,-9.0,0.0,22.509878,-0.0902092,68.62390420639271,137.78040000000328,1419
60414.0994,Y,-9,VOID,0,-9.0,-86.88386,32.036446,2.33,0.0,0.0,41.74,0.0,0.25,30.08,0.005,1.0,-9.0,-9.0,0.0,22.509878,-2.7120318,68.6444042063852,137.800900000002,1419
60414.1222,Y,-9,VOID,0,-9.0,-14.172729,39.188858,2.71,0.0,0.0,42.61,0.0,0.25,30.05,0.005,1.0,-9.0,-9.0,0.0,22.514732,-0.361652,68.66720420639047,137.82370000000083,1419
60414.9736,i,-9,VOID,0,-9.0,31.209768,26.113089,5.62,0.0,0.0,45.98,0.0,0.25,31.37,0.005,1.0,-9.0,-9.0,0.0,21.319199,1.1951772,69.51860420638654,138.67510000000038,1419
60414.9849,z,-9,VOID,0,-9.0,4.7085667,30.119898,4.83,0.0,0.0,43.98,0.0,0.25,31.0,0.005,1.0,-9.0,-9.0,0.0,21.746803,0.15632744,69.52990420638957,138.68640000000596,1419
60415.0715,z,-9,VOID,0,-9.0,-8.244342,11.15051,1.71,0.0,0.0,44.7,0.0,0.25,31.0,0.005,1.0,-9.0,-9.0,0.0,21.778603,-0.73936903,69.61650420638509,138.77300000000105,1419
60417.0101,i,-9,VOID,0,-9.0,10.700422,8.374059,1.73,0.0,0.0,45.62,0.0,0.25,31.38,0.005,1.0,-9.0,-9.0,0.0,21.297714,1.2778059,71.5551042063897,140.71160000000236,1419
60417.0106,i,-9,VOID,0,-9.0,1.8592898,8.419038,1.73,0.0,0.0,45.99,0.0,0.25,31.38,0.005,1.0,-9.0,-9.0,0.0,21.297451,0.2208435,71.55560420639209,140.71210000000428,1419
60419.0831,i,-9,VOID,0,-9.0,10.663984,11.066768,1.7,0.0,0.0,63.14,0.0,0.25,31.38,0.005,1.0,-9.0,-9.0,0.0,21.275885,0.9636043,73.62810420639153,142.78460000000632,1419
60420.0322,i,-9,VOID,0,-9.0,31.352219,13.555292,2.11,0.0,0.0,64.18,0.0,0.25,31.4,0.005,1.0,-9.0,-9.0,0.0,21.320507,2.3129134,74.57720420638695,143.73370000000432,1419
60420.0565,z,-9,VOID,0,-9.0,-13.119349,18.185394,2.14,0.0,0.0,61.19,0.0,0.25,31.03,0.005,1.0,-9.0,-9.0,0.0,21.664965,-0.72142226,74.60150420639057,143.75800000000163,1419
60422.076,Y,-9,VOID,0,-9.0,63.756233,28.457014,1.72,0.0,0.0,50.72,0.0,0.25,30.1,0.005,1.0,-9.0,-9.0,0.0,22.51168,2.2404401,76.6210042063916,145.77750000000378,1419
60422.1003,z,-9,VOID,0,-9.0,20.830074,15.795741,1.61,0.0,0.0,68.88,0.0,0.25,31.01,0.005,1.0,-9.0,-9.0,0.0,21.641308,1.3187146,76.64530420638644,145.8018000000011,1419
60426.0489,z,-9,VOID,0,-9.0,-84.144585,16.052658,2.08,0.0,0.0,55.16,0.0,0.25,31.02,0.005,1.0,-9.0,-9.0,0.0,22.248579,-5.241785,3.3269964012771664,149.75040000000445,1419
60427.034,r,-9,VOID,0,-9.0,27.393593,11.039723,2.74,0.0,0.0,49.25,0.0,0.25,31.63,0.005,1.0,-9.0,-9.0,0.0,21.098663,2.481366,4.312096401277644,150.7355000000025,1419
60427.0582,i,-9,VOID,0,-9.0,28.50503,10.380758,1.94,0.0,0.0,50.52,0.0,0.25,31.36,0.005,1.0,-9.0,-9.0,0.0,21.275438,2.7459488,4.336296401277283,150.75970000000234,1419
60430.0335,g,-9,VOID,0,-9.0,28.751808,7.200268,4.91,0.0,0.0,15.04,0.0,0.25,31.48,0.005,1.0,-9.0,-9.0,0.0,21.458754,3.993158,7.31159640127762,153.73500000000058,1419
60430.0577,r,-9,VOID,0,-9.0,31.708395,11.371969,4.89,0.0,0.0,24.91,0.0,0.25,31.49,0.005,1.0,-9.0,-9.0,0.0,21.09469,2.788294,7.335796401277259,153.75920000000042,1419
60432.0301,g,-9,VOID,0,-9.0,11.457281,3.3827386,1.67,0.0,0.0,15.32,0.0,0.25,31.51,0.005,1.0,-9.0,-9.0,0.0,21.48541,3.3869839,9.308196401278181,155.73160000000644,1419
60432.0544,r,-9,VOID,0,-9.0,10.525056,4.8367424,1.72,0.0,0.0,25.2,0.0,0.25,31.51,0.005,1.0,-9.0,-9.0,0.0,21.128347,2.1760628,9.332496401273028,155.75590000000375,1419
60436.041,r,-9,VOID,0,-9.0,11.845234,5.401583,2.03,0.0,0.0,25.2,0.0,0.25,31.51,0.005,1.0,-9.0,-9.0,0.0,21.113125,2.192919,13.31909640127425,159.7425000000003,1419
60436.0414,r,-9,VOID,0,-9.0,17.548613,5.428753,2.04,0.0,0.0,25.17,0.0,0.25,31.51,0.005,1.0,-9.0,-9.0,0.0,21.112915,3.232531,13.31949640128143,159.74290000000474,1419
60441.0159,r,-9,VOID,0,-9.0,20.878666,5.560704,2.1,0.0,0.0,25.25,0.0,0.25,31.51,0.005,1.0,-9.0,-9.0,0.0,21.099665,3.7546802,18.293996401271908,164.71740000000136,1419
60442.9872,u,-9,VOID,0,-9.0,9.801012,8.404964,2.92,0.0,0.0,5.72,0.0,0.25,29.65,0.005,1.0,-9.0,-9.0,0.0,24.34033,1.166098,20.265296401281635,166.68870000000607,1419
60443.0106,r,-9,VOID,0,-9.0,23.548134,5.602034,2.02,0.0,0.0,27.38,0.0,0.25,31.54,0.005,1.0,-9.0,-9.0,0.0,21.105717,4.203497,20.288696401275693,166.71210000000428,1419
60450.0221,Y,-9,VOID,0,-9.0,-87.206055,32.00768,2.01,0.0,0.0,47.46,0.0,0.25,30.06,0.005,1.0,-9.0,-9.0,0.0,22.62166,-2.7245355,27.300196401280505,173.7236000000048,1419
60450.0448,Y,-9,VOID,0,-9.0,-1.686006,36.937775,2.15,0.0,0.0,48.75,0.0,0.25,30.01,0.005,1.0,-9.0,-9.0,0.0,22.54397,-0.045644492,27.322896401281763,173.74630000000616,1419
60681.3445,z,-9,VOID,0,-9.0,-24.87627,12.717077,2.04,0.0,0.0,43.16,0.0,0.25,31.0,0.005,1.0,-9.0,-9.0,0.0,21.8925,-1.9561311,26.821872985936853,405.0460000000021,1419
60681.3583,i,-9,VOID,0,-9.0,-14.673517,6.6457515,1.51,0.0,0.0,38.94,0.0,0.25,31.35,0.005,1.0,-9.0,-9.0,0.0,21.386116,-2.2079546,26.835672985934252,405.0598000000027,1419
60690.2925,Y,-9,VOID,0,-9.0,-0.09030933,22.772068,1.31,0.0,0.0,55.86,0.0,0.25,30.15,0.005,1.0,-9.0,-9.0,0.0,22.519838,-0.003965794,35.769872985941525,413.99400000000605,1419
60690.3153,Y,-9,VOID,0,-9.0,37.894955,25.071848,1.42,0.0,0.0,56.14,0.0,0.25,30.14,0.005,1.0,-9.0,-9.0,0.0,22.5278,1.5114543,35.79267298593799,414.0168000000049,1419
60699.2662,u,-9,VOID,0,-9.0,-10.43194,7.1935034,2.68,0.0,0.0,5.38,0.0,0.25,29.64,0.005,1.0,-9.0,-9.0,0.0,24.361015,-1.4501891,44.74357298593544,422.96770000000106,1419
60699.2679,u,-9,VOID,0,-9.0,6.590071,6.3430676,2.33,0.0,0.0,5.43,0.0,0.25,29.67,0.005,1.0,-9.0,-9.0,0.0,24.360567,1.0389407,44.74527298593301,422.96940000000177,1419
60699.2895,g,-9,VOID,0,-9.0,11.353848,3.8638053,1.99,0.0,0.0,17.98,0.0,0.25,31.57,0.005,1.0,-9.0,-9.0,0.0,21.472214,2.9385147,44.76687298593429,422.9910000000018,1419
60699.2913,g,-9,VOID,0,-9.0,18.076637,3.7142417,1.86,0.0,0.0,17.79,0.0,0.25,31.57,0.005,1.0,-9.0,-9.0,0.0,21.47174,4.8668447,44.76867298593586,422.9928,1419
60704.2804,r,-9,VOID,0,-9.0,24.61709,4.727828,1.7,0.0,0.0,24.85,0.0,0.25,31.53,0.005,1.0,-9.0,-9.0,0.0,21.093624,5.2068496,49.7577729859381,427.98190000000614,1419
60704.3049,i,-9,VOID,0,-9.0,15.1693325,6.4835353,1.66,0.0,0.0,32.53,0.0,0.25,31.31,0.005,1.0,-9.0,-9.0,0.0,21.264004,2.33967,49.78227298594093,428.00640000000567,1419
60718.0516,z,-9,VOID,0,-9.0,-6.0569324,22.614029,1.81,0.0,0.0,88.65,0.0,0.25,31.01,0.005,1.0,-9.0,-9.0,0.0,21.657991,-0.2678396,63.528972985937905,441.7531000000017,1419
60718.076,i,-9,VOID,0,-9.0,11.396594,17.883535,1.77,0.0,0.0,100.23,0.0,0.25,31.38,0.005,1.0,-9.0,-9.0,0.0,21.297306,0.6372674,63.55337298593674,441.7775000000038,1419
60718.2262,z,-9,VOID,0,-9.0,9.320497,20.4009,1.82,0.0,0.0,82.34,0.0,0.25,31.05,0.005,1.0,-9.0,-9.0,0.0,21.667282,0.45686692,63.703572985932105,441.9277000000002,1419
60718.2509,Y,-9,VOID,0,-9.0,35.678764,34.183815,1.82,0.0,0.0,59.43,0.0,0.25,30.13,0.005,1.0,-9.0,-9.0,0.0,22.532167,1.0437326,63.72827298593413,441.95240000000194,1419
60721.2246,i,-9,VOID,0,-9.0,-5.468962,13.160733,1.84,0.0,0.0,71.56,0.0,0.25,31.4,0.005,1.0,-9.0,-9.0,0.0,21.453892,-0.41555148,66.70197298594088,444.9261000000042,1419
60721.2485,z,-9,VOID,0,-9.0,9.963404,19.226019,2.08,0.0,0.0,65.94,0.0,0.25,31.02,0.005,1.0,-9.0,-9.0,0.0,21.68327,0.518225,66.72587298593733,444.95000000000437,1419
60727.1013,g,-9,VOID,0,-9.0,18.310616,3.9265275,2.23,0.0,0.0,15.35,0.0,0.25,31.52,0.005,1.0,-9.0,-9.0,0.0,21.460056,4.66331,72.57867298593467,450.80280000000494,1419
60727.1022,g,-9,VOID,0,-9.0,10.127213,3.8127773,2.13,0.0,0.0,15.45,0.0,0.25,31.52,0.005,1.0,-9.0,-9.0,0.0,21.460293,2.6561248,72.57957298593546,450.803700000004,1419
60731.0392,u,-9,VOID,0,-9.0,-3.412101,4.682862,1.65,0.0,0.0,4.93,0.0,0.25,29.53,0.005,1.0,-9.0,-9.0,0.0,24.580837,-0.72863585,76.51657298593342,454.7407000000021,1419
60731.04,u,-9,VOID,0,-9.0,-1.6107551,4.7243876,1.62,0.0,0.0,4.89,0.0,0.25,29.5,0.005,1.0,-9.0,-9.0,0.0,24.587574,-0.34094474,76.517372985939,454.7415000000037,1419
60732.09,r,-9,VOID,0,-9.0,14.447673,5.2452674,2.04,0.0,0.0,24.54,0.0,0.25,31.53,0.005,1.0,-9.0,-9.0,0.0,21.11027,2.7544208,0.3004651808162656,455.79149999999936,1419
60732.0905,r,-9,VOID,0,-9.0,19.128075,5.2707715,2.05,0.0,0.0,24.52,0.0,0.25,31.53,0.005,1.0,-9.0,-9.0,0.0,21.110401,3.6290843,0.30096518081865387,455.7920000000013,1419
60732.1145,i,-9,VOID,0,-9.0,23.647326,6.8542895,1.88,0.0,0.0,31.03,0.0,0.25,31.32,0.005,1.0,-9.0,-9.0,0.0,21.288187,3.4500039,0.3249651808278786,455.81600000000617,1419
60732.1149,i,-9,VOID,0,-9.0,14.077426,7.1106763,1.98,0.0,0.0,30.94,0.0,0.25,31.32,0.005,1.0,-9.0,-9.0,0.0,21.288399,1.9797591,0.3253651808262755,455.81640000000334,1419
60736.1305,i,-9,VOID,0,-9.0,6.6528378,5.6832395,1.5,0.0,0.0,31.03,0.0,0.25,31.33,0.005,1.0,-9.0,-9.0,0.0,21.278294,1.1706066,4.340965180825468,459.83200000000215,1419
60736.131,i,-9,VOID,0,-9.0,24.665638,5.7009864,1.49,0.0,0.0,31.02,0.0,0.25,31.33,0.005,1.0,-9.0,-9.0,0.0,21.27803,4.326556,4.341465180819072,459.8325000000041,1419
60736.1549,r,-9,VOID,0,-9.0,18.260748,4.218418,1.43,0.0,0.0,24.54,0.0,0.25,31.54,0.005,1.0,-9.0,-9.0,0.0,21.100073,4.328814,4.3653651808243055,459.8564000000042,1419
60736.1554,r,-9,VOID,0,-9.0,19.77175,4.177025,1.42,0.0,0.0,24.52,0.0,0.25,31.55,0.005,1.0,-9.0,-9.0,0.0,21.09981,4.733453,4.3658651808266935,459.85690000000614,1419
60736.17,r,-9,VOID,0,-9.0,18.331297,4.951579,1.87,0.0,0.0,24.47,0.0,0.25,31.53,0.005,1.0,-9.0,-9.0,0.0,21.096624,3.7021112,4.380465180820886,459.8715000000011,1419
60736.1939,i,-9,VOID,0,-9.0,13.891646,6.4294715,1.71,0.0,0.0,31.59,0.0,0.25,31.32,0.005,1.0,-9.0,-9.0,0.0,21.263004,2.1606202,4.404365180817335,459.89540000000125,1419
60745.1127,Y,-9,VOID,0,-9.0,-0.1127428,21.153376,1.39,0.0,0.0,48.84,0.0,0.25,30.15,0.005,1.0,-9.0,-9.0,0.0,23.021645,-0.005329778,13.323165180816055,468.8142000000007,1419
60745.1359,Y,-9,VOID,0,-9.0,-85.826416,23.015835,1.49,0.0,0.0,49.54,0.0,0.25,30.14,0.005,1.0,-9.0,-9.0,0.0,23.064518,-3.729016,13.346365180819703,468.837400000004,1419
60748.1233,z,-9,VOID,0,-9.0,-28.83545,27.49729,2.61,0.0,0.0,77.1,0.0,0.25,31.04,0.005,1.0,-9.0,-9.0,0.0,21.800419,-1.0486652,16.333765180819857,471.82480000000214,1419
60755.0397,r,-9,VOID,0,-9.0,-47.450237,5.922554,2.51,0.0,0.0,24.02,0.0,0.25,31.52,0.005,1.0,-9.0,-9.0,0.0,21.313396,-8.011786,23.250165180823693,478.741200000004,1419
60757.1416,g,-9,VOID,0,-9.0,12.800322,3.9184752,2.21,0.0,0.0,14.98,0.0,0.25,31.49,0.005,1.0,-9.0,-9.0,0.0,21.46953,3.2666588,25.352065180828273,480.8431000000055,1419
60764.0938,u,-9,VOID,0,-9.0,-10.223709,4.6631827,1.86,0.0,0.0,4.91,0.0,0.25,29.63,0.005,1.0,-9.0,-9.0,0.0,24.761896,-2.1924317,32.304265180820394,487.7953000000052,1419
60765.0141,u,-9,VOID,0,-9.0,1.135238,4.418141,1.7,0.0,0.0,4.95,0.0,0.25,29.65,0.005,1.0,-9.0,-9.0,0.0,24.346817,0.25694928,33.224565180825834,488.7156000000032,1419
60778.9959,i,-9,VOID,0,-9.0,-2.643077,10.734821,1.7,0.0,0.0,62.99,0.0,0.25,31.41,0.005,1.0,-9.0,-9.0,0.0,21.298834,-0.24621527,47.20636518082489,502.69740000000456,1419
60779.0207,z,-9,VOID,0,-9.0,28.323149,19.62761,2.4,0.0,0.0,58.86,0.0,0.25,31.03,0.005,1.0,-9.0,-9.0,0.0,21.660387,1.443026,47.231165180822124,502.7222000000038,1419
60796.9912,r,-9,VOID,0,-9.0,33.32345,5.412875,2.07,0.0,0.0,25.59,0.0,0.25,31.55,0.005,1.0,-9.0,-9.0,0.0,21.094625,6.1563306,65.20166518081838,520.6926999999996,1419
60797.0151,i,-9,VOID,0,-9.0,6.7620473,7.7781806,2.14,0.0,0.0,31.94,0.0,0.25,31.32,0.005,1.0,-9.0,-9.0,0.0,21.269938,0.86936104,65.22556518081483,520.7165999999997,1419
60996.2933,r,-9,VOID,0,-9.0,15.672993,5.4697227,1.94,0.0,0.0,25.9,0.0,0.25,31.48,0.005,1.0,-9.0,-9.0,0.0,21.122019,2.865409,32.70304176547963,719.9948000000004,1419
60996.3213,i,-9,VOID,0,-9.0,18.903973,6.8387966,1.75,0.0,0.0,32.62,0.0,0.25,31.3,0.005,1.0,-9.0,-9.0,0.0,21.279333,2.764225,32.731041765481606,720.0228000000061,1419
60999.3277,r,-9,VOID,0,-9.0,17.196619,5.48199,2.11,0.0,0.0,24.96,0.0,0.25,31.52,0.005,1.0,-9.0,-9.0,0.0,21.12348,3.13693,35.737441765484675,723.0292000000045,1419
60999.3391,i,-9,VOID,0,-9.0,5.8166914,7.754714,2.1,0.0,0.0,32.12,0.0,0.25,31.31,0.005,1.0,-9.0,-9.0,0.0,21.287716,0.7500846,35.74884176548291,723.0406000000003,1419
61006.3063,z,-9,VOID,0,-9.0,6.9781613,9.188206,1.4,0.0,0.0,44.08,0.0,0.25,31.0,0.005,1.0,-9.0,-9.0,0.0,21.640438,0.75946945,42.716041765476405,730.0077999999994,1419
61006.3176,Y,-9,VOID,0,-9.0,18.01203,21.691622,1.59,0.0,0.0,41.74,0.0,0.25,30.1,0.005,1.0,-9.0,-9.0,0.0,22.51718,0.83036804,42.72734176547943,730.019100000005,1419
61007.2707,i,-9,VOID,0,-9.0,-15.49792,6.7254114,1.69,0.0,0.0,33.21,0.0,0.25,31.29,0.005,1.0,-9.0,-9.0,0.0,21.37797,-2.3043826,43.68044176548518,730.9722000000038,1419
61007.2942,z,-9,VOID,0,-9.0,-1.3453158,11.2308235,1.73,0.0,0.0,44.05,0.0,0.25,30.99,0.005,1.0,-9.0,-9.0,0.0,21.668703,-0.11978781,43.70394176547444,730.9956999999995,1419
61010.2991,Y,-9,VOID,0,-9.0,-7.0652385,19.380003,1.42,0.0,0.0,41.77,0.0,0.25,30.1,0.005,1.0,-9.0,-9.0,0.0,22.713413,-0.36456335,46.70884176547913,734.0005999999994,1419
61012.2796,Y,-9,VOID,0,-9.0,-19.959288,23.614042,1.56,0.0,0.0,46.11,0.0,0.25,30.09,0.005,1.0,-9.0,-9.0,0.0,22.522997,-0.8452296,48.689341765487114,735.9811000000045,1419
61012.3026,z,-9,VOID,0,-9.0,-7.3243556,10.651267,1.42,0.0,0.0,52.23,0.0,0.25,31.02,0.005,1.0,-9.0,-9.0,0.0,21.642176,-0.6876511,48.71234176548278,736.0041000000056,1419
61014.2733,Y,-9,VOID,0,-9.0,-11.863024,24.15814,1.49,0.0,0.0,49.83,0.0,0.25,30.1,0.005,1.0,-9.0,-9.0,0.0,22.511602,-0.491057,50.683041765486124,737.9748000000036,1419
61014.2957,z,-9,VOID,0,-9.0,12.492874,13.862327,1.57,0.0,0.0,62.87,0.0,0.25,31.03,0.005,1.0,-9.0,-9.0,0.0,21.643398,0.9012105,50.705441765484196,737.9972000000053,1419
61023.2417,r,-9,VOID,0,-9.0,15.076729,4.5424128,1.54,0.0,0.0,25.23,0.0,0.25,31.51,0.005,1.0,-9.0,-9.0,0.0,21.13352,3.3191016,59.65144176547931,746.9432000000015,1419
61023.2659,i,-9,VOID,0,-9.0,14.365493,5.69789,1.42,0.0,0.0,32.38,0.0,0.25,31.32,0.005,1.0,-9.0,-9.0,0.0,21.291716,2.5211952,59.67564176547895,746.9674000000014,1419
61027.2073,r,-9,VOID,0,-9.0,18.226326,4.586262,1.5,0.0,0.0,25.59,0.0,0.25,31.49,0.005,1.0,-9.0,-9.0,0.0,21.101395,3.9741135,63.61704176548564,750.9088000000047,1419
61027.2312,i,-9,VOID,0,-9.0,16.638784,6.030356,1.51,0.0,0.0,32.5,0.0,0.25,31.31,0.005,1.0,-9.0,-9.0,0.0,21.279135,2.7591712,63.64094176548209,750.9327000000048,1419
61030.2691,g,-9,VOID,0,-9.0,9.99096,3.8710582,2.23,0.0,0.0,14.78,0.0,0.25,31.5,0.005,1.0,-9.0,-9.0,0.0,21.476412,2.5809376,66.6788417654775,753.9706000000006,1419
61030.27,g,-9,VOID,0,-9.0,16.862791,4.085871,2.39,0.0,0.0,14.97,0.0,0.25,31.5,0.005,1.0,-9.0,-9.0,0.0,21.47682,4.127098,66.67974176547828,753.9714999999997,1419
61030.2934,r,-9,VOID,0,-9.0,16.735254,5.1149387,2.02,0.0,0.0,23.84,0.0,0.25,31.53,0.005,1.0,-9.0,-9.0,0.0,21.12107,3.2718387,66.70314176548113,753.9949000000051,1419
61030.2943,r,-9,VOID,0,-9.0,14.557495,4.900128,1.87,0.0,0.0,24.15,0.0,0.25,31.53,0.005,1.0,-9.0,-9.0,0.0,21.121546,2.9708397,66.70404176548192,753.9958000000042,1419
61034.2963,g,-9,VOID,0,-9.0,12.062802,3.8040175,2.21,0.0,0.0,14.79,0.0,0.25,31.52,0.005,1.0,-9.0,-9.0,0.0,21.480675,3.1710691,70.70604176548291,757.9978000000046,1419
61034.3169,r,-9,VOID,0,-9.0,8.405956,4.7078724,1.78,0.0,0.0,23.92,0.0,0.25,31.53,0.005,1.0,-9.0,-9.0,0.0,21.106705,1.7855107,70.72664176547941,758.0184000000008,1419
61035.2433,u,-9,VOID,0,-9.0,0.1379259,4.4092636,1.66,0.0,0.0,4.93,0.0,0.25,29.62,0.005,1.0,-9.0,-9.0,0.0,24.37008,0.031280935,71.65304176548236,758.9448000000048,1419
61035.2673,g,-9,VOID,0,-9.0,15.30633,4.313706,2.64,0.0,0.0,14.8,0.0,0.25,31.5,0.005,1.0,-9.0,-9.0,0.0,21.501688,3.5483017,71.6770417654828,758.9688000000024,1419
61036.3345,z,-9,VOID,0,-9.0,4.08345,12.150756,1.98,0.0,0.0,42.22,0.0,0.25,31.0,0.005,1.0,-9.0,-9.0,0.0,21.64573,0.3360655,72.74424176547487,760.0360000000001,1419
61036.346,Y,-9,VOID,0,-9.0,-15.816882,22.113695,1.58,0.0,0.0,44.19,0.0,0.25,30.13,0.005,1.0,-9.0,-9.0,0.0,22.524168,-0.7152528,72.75574176547708,760.0475000000006,1419
61039.201,Y,-9,VOID,0,-9.0,-0.083661586,19.947529,1.38,0.0,0.0,43.82,0.0,0.25,30.09,0.005,1.0,-9.0,-9.0,0.0,22.542627,-0.0041940827,75.61074176548081,762.9025000000038,1419
61039.2014,Y,-9,VOID,0,-9.0,7.5874405,20.833622,1.41,0.0,0.0,43.97,0.0,0.25,30.07,0.005,1.0,-9.0,-9.0,0.0,22.542522,0.3641921,75.61114176547922,762.902900000001,1419
61039.2237,Y,-9,VOID,0,-9.0,-18.007833,21.181458,1.54,0.0,0.0,42.61,0.0,0.25,30.11,0.005,1.0,-9.0,-9.0,0.0,22.534431,-0.8501697,75.63344176548208,762.9252000000051,1419
61039.2241,Y,-9,VOID,0,-9.0,3.2832448,21.896091,1.57,0.0,0.0,42.74,0.0,0.25,30.1,0.005,1.0,-9.0,-9.0,0.0,22.53422,0.14994662,75.63384176548047,762.9256000000023,1419
61044.2493,Y,-9,VOID,0,-9.0,24.673664,24.541704,1.47,0.0,0.0,53.61,0.0,0.25,30.15,0.005,1.0,-9.0,-9.0,0.0,22.510878,1.0053769,3.3921339603695095,767.950800000006,1419
61044.2741,z,-9,VOID,0,-9.0,-11.069677,18.45001,1.88,0.0,0.0,72.01,0.0,0.25,31.05,0.005,1.0,-9.0,-9.0,0.0,21.63711,-0.5999822,3.4169339603667437,767.9756000000052,1419
61046.2922,z,-9,VOID,0,-9.0,-2.7152822,12.845188,1.42,0.0,0.0,65.51,0.0,0.25,31.05,0.005,1.0,-9.0,-9.0,0.0,21.726223,-0.21138516,5.4350339603733735,769.9937000000064,1419
61046.3134,Y,-9,VOID,0,-9.0,-54.0136,20.19041,1.29,0.0,0.0,50.48,0.0,0.25,30.15,0.005,1.0,-9.0,-9.0,0.0,22.77037,-2.6752105,5.456233960367467,770.014900000002,1419
61046.3279,i,-9,VOID,0,-9.0,-80.66099,17.287357,2.39,0.0,0.0,73.34,0.0,0.25,31.4,0.005,1.0,-9.0,-9.0,0.0,21.664036,-4.6658945,5.470733960366452,770.0293999999994,1419
61046.3394,z,-9,VOID,0,-9.0,-61.595253,14.551967,1.58,0.0,0.0,66.79,0.0,0.25,31.04,0.005,1.0,-9.0,-9.0,0.0,22.115213,-4.2327785,5.482233960368677,770.0409,1419
61047.3266,i,-9,VOID,0,-9.0,20.038778,8.728409,1.29,0.0,0.0,65.26,0.0,0.25,31.4,0.005,1.0,-9.0,-9.0,0.0,21.268412,2.2958112,6.46943396036513,771.0281000000032,1419
61047.3384,z,-9,VOID,0,-9.0,18.489424,11.863006,1.37,0.0,0.0,61.66,0.0,0.25,31.04,0.005,1.0,-9.0,-9.0,0.0,21.64211,1.5585784,6.4812339603705444,771.0399000000034,1419
61051.2543,i,-9,VOID,0,-9.0,-61.859985,7.9344,2.13,0.0,0.0,34.1,0.0,0.25,31.34,0.005,1.0,-9.0,-9.0,0.0,21.552837,-7.7964287,10.397133960369628,774.9558000000034,1419
61052.2299,r,-9,VOID,0,-9.0,18.437048,5.0010986,1.84,0.0,0.0,25.85,0.0,0.25,31.55,0.005,1.0,-9.0,-9.0,0.0,21.093624,3.6865995,11.372733960368649,775.9314000000013,1419
61054.2758,r,-9,VOID,0,-9.0,-18.059166,4.0536613,1.41,0.0,0.0,24.55,0.0,0.25,31.55,0.005,1.0,-9.0,-9.0,0.0,21.209566,-4.4550257,13.418633960369274,777.9773000000059,1419
61056.2895,r,-9,VOID,0,-9.0,12.914241,5.145752,2.01,0.0,0.0,24.24,0.0,0.25,31.53,0.005,1.0,-9.0,-9.0,0.0,21.129652,2.5096898,15.432333960367185,779.9910000000018,1419
61056.3134,i,-9,VOID,0,-9.0,-5.4599757,6.9062033,1.87,0.0,0.0,31.52,0.0,0.25,31.31,0.005,1.0,-9.0,-9.0,0.0,21.288702,-0.79059005,15.456233960363635,780.014900000002,1419
61057.2871,g,-9,VOID,0,-9.0,15.200012,3.8306618,2.17,0.0,0.0,15.18,0.0,0.25,31.52,0.005,1.0,-9.0,-9.0,0.0,21.49599,3.9679859,16.42993396036588,780.9886000000042,1419
61057.3111,r,-9,VOID,0,-9.0,-8.319057,4.7225714,1.76,0.0,0.0,24.68,0.0,0.25,31.53,0.005,1.0,-9.0,-9.0,0.0,21.184174,-1.7615525,16.45393396036632,781.0126000000018,1419
61058.3219,g,-9,VOID,0,-9.0,19.890049,3.1890426,1.41,0.0,0.0,15.54,0.0,0.25,31.52,0.005,1.0,-9.0,-9.0,0.0,21.458794,6.236997,17.4647339603736,782.0234000000055,1419
61059.295,i,-9,VOID,0,-9.0,-23.776056,7.3057995,2.03,0.0,0.0,31.26,0.0,0.25,31.31,0.005,1.0,-9.0,-9.0,0.0,21.422523,-3.2544086,18.437833960369467,782.9965000000011,1419
61059.3191,r,-9,VOID,0,-9.0,7.389371,5.0196624,1.88,0.0,0.0,24.78,0.0,0.25,31.52,0.005,1.0,-9.0,-9.0,0.0,21.135231,1.4720852,18.461933960365116,783.0206000000035,1419
61060.2809,r,-9,VOID,0,-9.0,16.698896,4.830039,1.82,0.0,0.0,24.5,0.0,0.25,31.54,0.005,1.0,-9.0,-9.0,0.0,21.110401,3.4573004,19.42373396036674,783.9824000000008,1419
61060.3055,i,-9,VOID,0,-9.0,2.6903687,6.6268907,1.78,0.0,0.0,31.69,0.0,0.25,31.32,0.005,1.0,-9.0,-9.0,0.0,21.288504,0.40597752,19.44833396037356,784.0070000000051,1419
61065.162,z,-9,VOID,0,-9.0,19.987309,14.426702,2.31,0.0,0.0,42.87,0.0,0.25,30.99,0.005,1.0,-9.0,-9.0,0.0,21.635885,1.3854386,24.304833960362604,788.8634999999995,1419
61065.1863,Y,-9,VOID,0,-9.0,10.846689,23.37502,1.79,0.0,0.0,40.79,0.0,0.25,30.12,0.005,1.0,-9.0,-9.0,0.0,22.515049,0.4640291,24.329133960366235,788.8878000000041,1419
61075.2905,Y,-9,VOID,0,-9.0,21.210485,27.138523,1.58,0.0,0.0,52.75,0.0,0.25,30.1,0.005,1.0,-9.0,-9.0,0.0,22.53938,0.78156376,34.43333396036644,798.9920000000056,1419
61075.3132,Y,-9,VOID,0,-9.0,-5.636775,27.94005,1.55,0.0,0.0,53.95,0.0,0.25,30.07,0.005,1.0,-9.0,-9.0,0.0,22.530655,-0.20174535,34.4560339603677,799.0146999999997,1419
61076.2931,z,-9,VOID,0,-9.0,-4.0046616,18.710543,2.1,0.0,0.0,62.98,0.0,0.25,31.01,0.005,1.0,-9.0,-9.0,0.0,21.67499,-0.21403235,35.43593396037144,799.9946000000054,1419
61076.3386,Y,-9,VOID,0,-9.0,27.326036,35.999863,1.93,0.0,0.0,51.89,0.0,0.25,29.99,0.005,1.0,-9.0,-9.0,0.0,22.97842,0.7590595,35.481433960369166,800.0401000000056,1419
61077.2023,z,-9,VOID,0,-9.0,-9.147516,12.694477,1.72,0.0,0.0,52.46,0.0,0.25,31.03,0.005,1.0,-9.0,-9.0,0.0,21.66303,-0.72059023,36.34513396036427,800.9038,1419
61077.2276,i,-9,VOID,0,-9.0,8.028835,10.068874,1.86,0.0,0.0,52.62,0.0,0.25,31.39,0.005,1.0,-9.0,-9.0,0.0,21.28161,0.79739153,36.37043396036389,800.9291000000012,1419
61077.252,z,-9,VOID,0,-9.0,-13.575853,15.581424,2.07,0.0,0.0,53.47,0.0,0.25,31.02,0.005,1.0,-9.0,-9.0,0.0,21.643492,-0.87128454,36.394833960371514,800.9535000000033,1419
61079.1447,r,-9,VOID,0,-9.0,9.128296,5.7626495,1.84,0.0,0.0,33.57,0.0,0.25,31.6,0.005,1.0,-9.0,-9.0,0.0,21.104717,1.5840449,38.287533960362445,802.8462,1419
61079.1451,r,-9,VOID,0,-9.0,23.87001,5.7153854,1.82,0.0,0.0,33.34,0.0,0.25,31.6,0.005,1.0,-9.0,-9.0,0.0,21.104612,4.176448,38.28793396036963,802.8466000000044,1419
61079.1688,i,-9,VOID,0,-9.0,35.98597,7.746978,1.81,0.0,0.0,38.8,0.0,0.25,31.36,0.005,1.0,-9.0,-9.0,0.0,21.267754,4.645162,38.311633960366876,802.8703000000023,1419
61079.1693,i,-9,VOID,0,-9.0,8.24852,7.6499124,1.81,0.0,0.0,38.53,0.0,0.25,31.36,0.005,1.0,-9.0,-9.0,0.0,21.267622,1.0782503,38.312133960369266,802.8708000000042,1419
61079.2289,r,-9,VOID,0,-9.0,20.804323,5.358691,1.45,0.0,0.0,39.65,0.0,0.25,31.63,0.005,1.0,-9.0,-9.0,0.0,21.097624,3.8823516,38.37173396036758,802.9304000000047,1419
61079.253,i,-9,VOID,0,-9.0,10.567593,6.8768864,1.51,0.0,0.0,40.21,0.0,0.25,31.35,0.005,1.0,-9.0,-9.0,0.0,21.272411,1.5366827,38.39583396036323,802.9544999999998,1419
61082.2377,r,-9,VOID,0,-9.0,21.480862,4.981191,1.76,0.0,0.0,26.8,0.0,0.25,31.55,0.005,1.0,-9.0,-9.0,0.0,21.094625,4.3123946,41.38053396036981,805.9392000000007,1419
61082.2619,i,-9,VOID,0,-9.0,14.554656,5.6724606,1.35,0.0,0.0,33.84,0.0,0.25,31.32,0.005,1.0,-9.0,-9.0,0.0,21.266005,2.5658453,41.40473396036945,805.9634000000005,1419
61083.1092,r,-9,VOID,0,-9.0,16.701302,4.1837506,1.38,0.0,0.0,25.08,0.0,0.25,31.54,0.005,1.0,-9.0,-9.0,0.0,21.125217,3.9919448,42.25203396036879,806.8107000000018,1419
61084.047,u,-9,VOID,0,-9.0,-6.686121,10.599081,3.35,0.0,0.0,4.55,0.0,0.25,29.28,0.005,1.0,-9.0,-9.0,0.0,24.367449,-0.6308208,43.189833960369974,807.7485000000015,1419
61084.0586,u,-9,VOID,0,-9.0,6.7924333,7.9502916,2.62,0.0,0.0,4.62,0.0,0.25,29.37,0.005,1.0,-9.0,-9.0,0.0,24.361343,0.8543628,43.2014339603674,807.7600999999995,1419
61084.0693,r,-9,VOID,0,-9.0,17.53791,5.8340497,2.18,0.0,0.0,25.76,0.0,0.25,31.5,0.005,1.0,-9.0,-9.0,0.0,21.110914,3.0061297,43.21213396037283,807.7708000000057,1419
61084.0819,r,-9,VOID,0,-9.0,21.26522,5.3116765,1.96,0.0,0.0,25.32,0.0,0.25,31.51,0.005,1.0,-9.0,-9.0,0.0,21.105953,4.0034857,43.22473396036626,807.7834000000003,1419
61084.1032,r,-9,VOID,0,-9.0,14.184743,5.708922,2.22,0.0,0.0,25.14,0.0,0.25,31.52,0.005,1.0,-9.0,-9.0,0.0,21.098349,2.4846623,43.24603396036434,807.8047000000006,1419
61084.1042,r,-9,VOID,0,-9.0,25.5021,5.493504,2.11,0.0,0.0,24.91,0.0,0.25,31.52,0.005,1.0,-9.0,-9.0,0.0,21.098085,4.642228,43.24703396036912,807.8057000000044,1419
61084.128,i,-9,VOID,0,-9.0,20.262619,7.3690033,2.02,0.0,0.0,31.6,0.0,0.25,31.32,0.005,1.0,-9.0,-9.0,0.0,21.264004,2.7497096,43.27083396036158,807.8294999999998,1419
61084.1289,i,-9,VOID,0,-9.0,26.515717,7.445311,2.06,0.0,0.0,31.31,0.0,0.25,31.32,0.005,1.0,-9.0,-9.0,0.0,21.264004,3.561398,43.27173396037115,807.8304000000062,1419
61090.216,r,-9,VOID,0,-9.0,26.609438,4.6755357,1.66,0.0,0.0,24.93,0.0,0.25,31.53,0.005,1.0,-9.0,-9.0,0.0,21.093624,5.6912065,49.35883396036499,813.9175000000032,1419
61090.2401,i,-9,VOID,0,-9.0,25.826921,6.870268,1.78,0.0,0.0,32.5,0.0,0.25,31.31,0.005,1.0,-9.0,-9.0,0.0,21.265003,3.7592306,49.38293396036943,813.9416000000056,1419
61092.1382,u,-9,VOID,0,-9.0,3.0839036,4.388618,1.68,0.0,0.0,5.03,0.0,0.25,29.67,0.005,1.0,-9.0,-9.0,0.0,24.338423,0.70270497,51.281033960365065,815.8397000000041,1419
61092.1618,g,-9,VOID,0,-9.0,18.953365,3.5634296,1.9,0.0,0.0,15.44,0.0,0.25,31.54,0.005,1.0,-9.0,-9.0,0.0,21.466557,5.318855,51.30463396036711,815.8633000000045,1419
61092.2289,r,-9,VOID,0,-9.0,8.339174,4.5805254,1.62,0.0,0.0,25.12,0.0,0.25,31.53,0.005,1.0,-9.0,-9.0,0.0,21.126545,1.8205715,51.37173396036611,815.9304000000047,1419
61092.253,i,-9,VOID,0,-9.0,-8.187032,6.4496884,1.63,0.0,0.0,32.92,0.0,0.25,31.3,0.005,1.0,-9.0,-9.0,0.0,21.326843,-1.2693685,51.395833960361756,815.9544999999998,1419
61093.1744,Y,-9,VOID,0,-9.0,-0.29543746,17.512463,1.35,0.0,0.0,40.69,0.0,0.25,30.13,0.005,1.0,-9.0,-9.0,0.0,22.529497,-0.016870126,52.317233960367176,816.8759000000064,1419
61093.197,Y,-9,VOID,0,-9.0,-7.512076,18.694502,1.42,0.0,0.0,41.02,0.0,0.25,30.12,0.005,1.0,-9.0,-9.0,0.0,22.521221,-0.40183344,52.339833960364444,816.898500000003,1419
61097.0405,i,-9,VOID,0,-9.0,14.699211,8.688424,1.77,0.0,0.0,44.66,0.0,0.25,31.34,0.005,1.0,-9.0,-9.0,0.0,21.264004,1.6918156,56.18333396037259,820.7420000000056,1419
61097.0645,z,-9,VOID,0,-9.0,28.769493,10.29899,1.44,0.0,0.0,48.84,0.0,0.25,31.01,0.005,1.0,-9.0,-9.0,0.0,21.63511,2.7934284,56.20733396036425,820.7660000000033,1419
61097.097,z,-9,VOID,0,-9.0,16.295963,11.488023,1.67,0.0,0.0,47.97,0.0,0.25,31.02,0.005,1.0,-9.0,-9.0,0.0,21.64115,1.4185177,56.239833960370156,820.7985000000044,1419
61100.1816,Y,-9,VOID,0,-9.0,7.6708713,22.232754,1.37,0.0,0.0,51.61,0.0,0.25,30.14,0.005,1.0,-9.0,-9.0,0.0,22.532114,0.3450257,59.324433960367266,823.8831000000064,1419
61100.2054,z,-9,VOID,0,-9.0,14.3564415,18.236912,1.86,0.0,0.0,70.49,0.0,0.25,31.03,0.005,1.0,-9.0,-9.0,0.0,21.667873,0.78721887,59.3482339603685,823.9069000000018,1419
61100.2114,z,-9,VOID,0,-9.0,-18.901575,17.062035,1.69,0.0,0.0,72.61,0.0,0.25,31.03,0.005,1.0,-9.0,-9.0,0.0,21.67007,-1.1078148,59.35423396037081,823.912900000003,1419
61100.2297,Y,-9,VOID,0,-9.0,-3.051238,27.962332,1.58,0.0,0.0,53.95,0.0,0.25,30.09,0.005,1.0,-9.0,-9.0,0.0,22.593624,-0.10911959,59.37253396037214,823.9312000000064,1419
61100.2356,Y,-9,VOID,0,-9.0,19.794569,29.778154,1.64,0.0,0.0,54.81,0.0,0.25,30.08,0.005,1.0,-9.0,-9.0,0.0,22.629425,0.6647346,59.37843396037045,823.9371000000028,1419
61102.1704,Y,-9,VOID,0,-9.0,-84.15127,30.407345,1.63,0.0,0.0,59.84,0.0,0.25,30.14,0.005,1.0,-9.0,-9.0,0.0,23.004736,-2.767465,61.313233960372735,825.8719000000056,1419
61102.1714,Y,-9,VOID,0,-9.0,-78.335396,28.982891,1.62,0.0,0.0,57.9,0.0,0.25,30.15,0.005,1.0,-9.0,-9.0,0.0,23.017895,-2.702815,61.314233960368725,825.8729000000021,1419
61102.1931,Y,-9,VOID,0,-9.0,13.310477,33.710835,1.76,0.0,0.0,60.65,0.0,0.25,30.13,0.005,1.0,-9.0,-9.0,0.0,23.08174,0.3948427,61.33593396036521,825.8945999999996,1419
61102.1941,Y,-9,VOID,0,-9.0,-64.70786,32.367554,1.75,0.0,0.0,58.74,0.0,0.25,30.13,0.005,1.0,-9.0,-9.0,0.0,23.073055,-1.9991583,61.33693396036998,825.8956000000035,1419
61102.2062,Y,-9,VOID,0,-9.0,-62.4768,31.346333,1.66,0.0,0.0,59.41,0.0,0.25,30.12,0.005,1.0,-9.0,-9.0,0.0,22.919731,-1.9931135,61.3490339603698,825.9077000000034,1419
61102.2067,Y,-9,VOID,0,-9.0,-57.51085,32.906666,1.67,0.0,0.0,61.42,0.0,0.25,30.11,0.005,1.0,-9.0,-9.0,0.0,22.912888,-1.747696,61.34953396037219,825.9082000000053,1419
61102.2291,Y,-9,VOID,0,-9.0,-6.4534698,32.560825,1.63,0.0,0.0,60.99,0.0,0.25,30.09,0.005,1.0,-9.0,-9.0,0.0,22.652397,-0.19819736,61.371933960361474,825.9305999999997,1419
61102.2296,Y,-9,VOID,0,-9.0,-26.15691,34.078213,1.64,0.0,0.0,62.93,0.0,0.25,30.08,0.005,1.0,-9.0,-9.0,0.0,22.64832,-0.76755524,61.372433960363864,825.9311000000016,1419
61105.008,r,-9,VOID,0,-9.0,27.802355,6.344267,1.99,0.0,0.0,33.1,0.0,0.25,31.55,0.005,1.0,-9.0,-9.0,0.0,21.096624,4.3822803,64.15083396036714,828.7095000000045,1419
61105.0189,i,-9,VOID,0,-9.0,18.75633,9.827992,1.87,0.0,0.0,49.43,0.0,0.25,31.36,0.005,1.0,-9.0,-9.0,0.0,21.265003,1.90846,64.16173396037176,828.7204000000056,1419
61105.0303,i,-9,VOID,0,-9.0,26.80649,9.303466,1.71,0.0,0.0,51.29,0.0,0.25,31.37,0.005,1.0,-9.0,-9.0,0.0,21.265003,2.8813446,64.17313396037,828.7318000000014,1419
61105.0542,z,-9,VOID,0,-9.0,-10.656487,13.1332445,1.67,0.0,0.0,56.0,0.0,0.25,31.03,0.005,1.0,-9.0,-9.0,0.0,21.63799,-0.81141317,64.19703396036645,828.7557000000015,1419
61105.165,z,-9,VOID,0,-9.0,-13.7180195,13.8355055,1.72,0.0,0.0,57.43,0.0,0.25,31.03,0.005,1.0,-9.0,-9.0,0.0,21.684738,-0.99150836,64.30783396037039,828.8665000000037,1419
61105.1655,z,-9,VOID,0,-9.0,-4.634226,13.936084,1.72,0.0,0.0,57.81,0.0,0.25,31.03,0.005,1.0,-9.0,-9.0,0.0,21.686844,-0.33253428,64.30833396037278,828.8670000000056,1419
61105.1893,i,-9,VOID,0,-9.0,-32.199356,10.230423,1.61,0.0,0.0,62.2,0.0,0.25,31.39,0.005,1.0,-9.0,-9.0,0.0,21.507719,-3.147412,64.33213396036523,828.890800000001,1419
61105.1897,i,-9,VOID,0,-9.0,-52.11148,10.243274,1.6,0.0,0.0,62.85,0.0,0.25,31.39,0.005,1.0,-9.0,-9.0,0.0,21.512455,-5.087385,64.33253396037242,828.8912000000055,1419
61106.17,z,-9,VOID,0,-9.0,-0.79749084,11.861718,1.58,0.0,0.0,52.6,0.0,0.25,31.02,0.005,1.0,-9.0,-9.0,0.0,21.63511,-0.06723232,65.31283396036578,829.8715000000011,1419
61106.1704,z,-9,VOID,0,-9.0,12.398212,11.867622,1.57,0.0,0.0,52.86,0.0,0.25,31.02,0.005,1.0,-9.0,-9.0,0.0,21.63511,1.0447091,65.31323396037295,829.8719000000056,1419
61106.1939,i,-9,VOID,0,-9.0,21.501696,9.870647,1.76,0.0,0.0,53.26,0.0,0.25,31.37,0.005,1.0,-9.0,-9.0,0.0,21.265003,2.178347,65.33673396036222,829.8954000000012,1419
61106.1944,i,-9,VOID,0,-9.0,16.483847,9.877799,1.75,0.0,0.0,53.65,0.0,0.25,31.37,0.005,1.0,-9.0,-9.0,0.0,21.265043,1.6687772,65.33723396036461,829.8959000000032,1419
61107.1605,r,-9,VOID,0,-9.0,-41.51854,8.601919,2.12,0.0,0.0,49.46,0.0,0.25,31.64,0.005,1.0,-9.0,-9.0,0.0,21.22009,-4.82666,66.30333396036218,830.862000000001,1419
61107.1847,i,-9,VOID,0,-9.0,2.514627,13.447407,2.8,0.0,0.0,46.29,0.0,0.25,31.36,0.005,1.0,-9.0,-9.0,0.0,21.299505,0.18699718,66.32753396036182,830.8862000000008,1419
61115.0013,r,-9,VOID,0,-9.0,20.019464,4.7478976,1.49,0.0,0.0,29.74,0.0,0.25,31.56,0.005,1.0,-9.0,-9.0,0.0,21.11919,4.2164903,74.1441339603682,838.7028000000064,1419
61115.0126,i,-9,VOID,0,-9.0,13.821038,5.8216877,1.47,0.0,0.0,32.23,0.0,0.25,31.32,0.005,1.0,-9.0,-9.0,0.0,21.292082,2.3740604,74.15543396037123,838.7141000000047,1419
61115.1591,u,-9,VOID,0,-9.0,0.09289584,5.052072,1.88,0.0,0.0,4.88,0.0,0.25,29.58,0.005,1.0,-9.0,-9.0,0.0,24.397886,0.018387672,74.30193396036825,838.8606,1419
61115.1595,u,-9,VOID,0,-9.0,2.872253,5.077578,1.87,0.0,0.0,4.89,0.0,0.25,29.58,0.005,1.0,-9.0,-9.0,0.0,24.396517,0.5656738,74.30233396036664,838.8610000000044,1419
61115.1821,g,-9,VOID,0,-9.0,9.70619,3.733437,1.96,0.0,0.0,15.16,0.0,0.25,31.47,0.005,1.0,-9.0,-9.0,0.0,21.493412,2.5998,74.32493396036391,838.883600000001,1419
61115.1825,g,-9,VOID,0,-9.0,5.8299904,3.695411,1.95,0.0,0.0,15.25,0.0,0.25,31.48,0.005,1.0,-9.0,-9.0,0.0,21.4932,1.5776298,74.32533396037108,838.8840000000055,1419
61115.1952,g,-9,VOID,0,-9.0,9.11694,3.4497054,1.65,0.0,0.0,15.35,0.0,0.25,31.47,0.005,1.0,-9.0,-9.0,0.0,21.487135,2.6428168,74.33803396036849,838.8967000000048,1419
61115.2192,r,-9,VOID,0,-9.0,28.66078,5.119885,1.72,0.0,0.0,25.91,0.0,0.25,31.47,0.005,1.0,-9.0,-9.0,0.0,21.109756,5.5979342,74.36203396036893,838.9207000000024,1419
61116.0809,u,-9,VOID,0,-9.0,-5.5536427,5.9053817,2.35,0.0,0.0,4.87,0.0,0.25,29.62,0.005,1.0,-9.0,-9.0,0.0,24.340199,-0.94043756,75.22373396037206,839.7824000000037,1419
61117.152,g,-9,VOID,0,-9.0,15.802798,3.5552142,1.84,0.0,0.0,15.1,0.0,0.25,31.5,0.005,1.0,-9.0,-9.0,0.0,21.463978,4.444964,76.29483396037045,840.8535000000047,1419
61117.1761,r,-9,VOID,0,-9.0,25.53914,5.2306786,1.94,0.0,0.0,24.93,0.0,0.25,31.51,0.005,1.0,-9.0,-9.0,0.0,21.095507,4.8825674,76.3189339603661,840.8775999999998,1419
61123.1401,r,-9,VOID,0,-9.0,16.72924,4.6791816,1.68,0.0,0.0,24.6,0.0,0.25,31.52,0.005,1.0,-9.0,-9.0,0.0,21.13123,3.5752492,5.016026155252313,846.8415999999997,1419
61123.1641,i,-9,VOID,0,-9.0,21.691814,6.236295,1.56,0.0,0.0,32.46,0.0,0.25,31.3,0.005,1.0,-9.0,-9.0,0.0,21.289927,3.4783175,5.040026155252754,846.8656000000046,1419
61125.1079,i,-9,VOID,0,-9.0,21.969194,7.5692105,1.83,0.0,0.0,37.11,0.0,0.25,31.35,0.005,1.0,-9.0,-9.0,0.0,21.274504,2.902442,6.983826155254103,848.8094000000056,1419
61125.132,z,-9,VOID,0,-9.0,13.97241,12.729288,1.93,0.0,0.0,45.44,0.0,0.25,31.0,0.005,1.0,-9.0,-9.0,0.0,21.638517,1.0976584,7.007926155249751,848.8335000000006,1419
61125.1451,z,-9,VOID,0,-9.0,9.101821,13.389515,2.02,0.0,0.0,45.82,0.0,0.25,31.0,0.005,1.0,-9.0,-9.0,0.0,21.63611,0.67977226,7.021026155254347,848.8466000000044,1419
61125.1692,Y,-9,VOID,0,-9.0,-19.178514,26.14542,1.8,0.0,0.0,43.08,0.0,0.25,30.06,0.005,1.0,-9.0,-9.0,0.0,22.50926,-0.7335325,7.045126155249995,848.8706999999995,1419
61126.0736,i,-9,VOID,0,-9.0,-27.799126,9.161224,1.98,0.0,0.0,44.41,0.0,0.25,31.38,0.005,1.0,-9.0,-9.0,0.0,21.444576,-3.0344334,7.949526155262058,849.7751000000062,1419
61126.0953,z,-9,VOID,0,-9.0,-51.95674,12.384647,1.8,0.0,0.0,48.65,0.0,0.25,31.02,0.005,1.0,-9.0,-9.0,0.0,22.031208,-4.195254,7.97122615525854,849.7968000000037,1419
61126.1197,Y,-9,VOID,0,-9.0,-30.637465,30.762877,2.2,0.0,0.0,43.52,0.0,0.25,30.11,0.005,1.0,-9.0,-9.0,0.0,22.949713,-0.9959233,7.995626155257377,849.8212000000058,1419
61126.1504,Y,-9,VOID,0,-9.0,31.285185,36.801945,2.5,0.0,0.0,44.51,0.0,0.25,30.08,0.005,1.0,-9.0,-9.0,0.0,22.65566,0.850096,8.026326155252926,849.8519000000015,1419
61126.1733,Y,-9,VOID,0,-9.0,27.445011,34.33858,2.24,0.0,0.0,45.06,0.0,0.25,30.05,0.005,1.0,-9.0,-9.0,0.0,22.546537,0.7992471,8.049226155253383,849.874800000005,1419
61128.0985,Y,-9,VOID,0,-9.0,-68.20024,27.444645,1.8,0.0,0.0,48.41,0.0,0.25,30.13,0.005,1.0,-9.0,-9.0,0.0,22.538313,-2.4850109,9.97442615525022,851.8000000000029,1419
61128.1228,z,-9,VOID,0,-9.0,7.7564316,13.98465,1.58,0.0,0.0,63.08,0.0,0.25,31.03,0.005,1.0,-9.0,-9.0,0.0,21.65515,0.554639,9.998726155253848,851.8243000000002,1419
61128.1374,z,-9,VOID,0,-9.0,21.536844,16.228836,1.81,0.0,0.0,64.2,0.0,0.25,31.03,0.005,1.0,-9.0,-9.0,0.0,21.648504,1.3270726,10.013326155256825,851.8389000000025,1419
61128.1612,Y,-9,VOID,0,-9.0,1.4013546,35.133255,2.06,0.0,0.0,51.13,0.0,0.25,30.07,0.005,1.0,-9.0,-9.0,0.0,22.514812,0.03988684,10.037126155258068,851.8627000000051,1419
61131.0961,Y,-9,VOID,0,-9.0,-13.259444,26.037672,1.53,0.0,0.0,54.33,0.0,0.25,30.14,0.005,1.0,-9.0,-9.0,0.0,22.666832,-0.50924075,12.972026155253417,854.7976000000053,1419
61131.1192,Y,-9,VOID,0,-9.0,43.770374,30.636808,1.74,0.0,0.0,55.11,0.0,0.25,30.12,0.005,1.0,-9.0,-9.0,0.0,22.545668,1.4286858,12.995126155253072,854.8207000000039,1419
61135.0923,i,-9,VOID,0,-9.0,0.5958408,10.287728,1.93,0.0,0.0,51.47,0.0,0.25,31.38,0.005,1.0,-9.0,-9.0,0.0,21.273556,0.05791763,16.9682261552513,858.7937999999995,1419
61135.1168,z,-9,VOID,0,-9.0,21.960436,13.592192,1.77,0.0,0.0,53.55,0.0,0.25,31.01,0.005,1.0,-9.0,-9.0,0.0,21.654333,1.6156656,16.992726155254132,858.8183000000063,1419
61135.1378,z,-9,VOID,0,-9.0,-5.4774256,17.866302,2.27,0.0,0.0,55.06,0.0,0.25,31.0,0.005,1.0,-9.0,-9.0,0.0,21.66261,-0.30657858,17.013726155249024,858.8392999999996,1419
61135.1616,Y,-9,VOID,0,-9.0,36.8158,34.161827,2.05,0.0,0.0,47.62,0.0,0.25,30.02,0.005,1.0,-9.0,-9.0,0.0,22.54497,1.0776882,17.03752615525027,858.8631000000023,1419
61136.1028,i,-9,VOID,0,-9.0,16.820803,9.716318,1.95,0.0,0.0,47.28,0.0,0.25,31.37,0.005,1.0,-9.0,-9.0,0.0,21.2804,1.731191,17.978726155255394,859.8043000000034,1419
61136.1268,z,-9,VOID,0,-9.0,3.5305865,12.857213,1.74,0.0,0.0,51.49,0.0,0.25,31.01,0.005,1.0,-9.0,-9.0,0.0,21.643991,0.27459967,18.002726155255836,859.828300000001,1419
61139.0909,r,-9,VOID,0,-9.0,7.3347044,5.23803,2.03,0.0,0.0,24.45,0.0,0.25,31.52,0.005,1.0,-9.0,-9.0,0.0,21.13219,1.4002792,20.966826155257138,862.7924000000057,1419
61139.1149,i,-9,VOID,0,-9.0,12.157717,6.8184195,1.77,0.0,0.0,32.22,0.0,0.25,31.3,0.005,1.0,-9.0,-9.0,0.0,21.291227,1.7830696,20.990826155257576,862.8164000000033,1419
61140.0534,r,-9,VOID,0,-9.0,17.918253,5.333836,2.13,0.0,0.0,24.03,0.0,0.25,31.53,0.005,1.0,-9.0,-9.0,0.0,21.112282,3.3593557,21.929326155251562,863.7548999999999,1419
61140.0785,i,-9,VOID,0,-9.0,17.440384,6.079612,1.6,0.0,0.0,31.33,0.0,0.25,31.32,0.005,1.0,-9.0,-9.0,0.0,21.290438,2.8686674,21.954426155260773,863.7800000000061,1419
61142.0103,u,-9,VOID,0,-9.0,8.446399,4.477559,1.7,0.0,0.0,4.98,0.0,0.25,29.67,0.005,1.0,-9.0,-9.0,0.0,24.411642,1.8863846,23.886226155257507,865.7118000000046,1419
61144.0984,g,-9,VOID,0,-9.0,15.478044,3.4222727,1.67,0.0,0.0,15.11,0.0,0.25,31.49,0.005,1.0,-9.0,-9.0,0.0,21.471306,4.5227385,25.974326155255905,867.7999000000054,1419
61144.1226,r,-9,VOID,0,-9.0,13.529677,4.7560863,1.65,0.0,0.0,25.18,0.0,0.25,31.5,0.005,1.0,-9.0,-9.0,0.0,21.097532,2.8447082,25.998526155255547,867.8241000000053,1419
61156.0355,z,-9,VOID,0,-9.0,4.8841844,14.853765,1.86,0.0,0.0,56.54,0.0,0.25,31.02,0.005,1.0,-9.0,-9.0,0.0,21.662413,0.32881793,37.91142615524953,879.737000000001,1419
61156.0595,Y,-9,VOID,0,-9.0,7.6161575,25.698757,1.66,0.0,0.0,47.55,0.0,0.25,30.1,0.005,1.0,-9.0,-9.0,0.0,22.545732,0.29636288,37.93542615525875,879.7610000000059,1419
61156.0784,Y,-9,VOID,0,-9.0,-5.236915,35.360302,2.19,0.0,0.0,48.42,0.0,0.25,30.07,0.005,1.0,-9.0,-9.0,0.0,22.639227,-0.14810154,37.95432615524889,879.7799000000014,1419
61156.1009,Y,-9,VOID,0,-9.0,-38.09089,38.482655,2.24,0.0,0.0,49.73,0.0,0.25,30.03,0.005,1.0,-9.0,-9.0,0.0,22.89392,-0.9898197,37.976826155250954,879.8024000000005,1419
61160.0877,Y,-9,VOID,0,-9.0,-18.843714,36.544697,2.07,0.0,0.0,52.01,0.0,0.25,30.05,0.005,1.0,-9.0,-9.0,0.0,22.510878,-0.5156347,41.96362615525137,883.7891999999993,1419
61160.1103,Y,-9,VOID,0,-9.0,15.000163,40.537365,2.11,0.0,0.0,53.52,0.0,0.25,29.99,0.005,1.0,-9.0,-9.0,0.0,22.509838,0.370033,41.98622615525742,883.8118000000031,1419
61164.9947,i,-9,VOID,0,-9.0,27.95925,6.873294,1.87,0.0,0.0,31.25,0.0,0.25,31.32,0.005,1.0,-9.0,-9.0,0.0,21.27307,4.0678096,46.87062615525324,888.6962000000058,1419
61165.0195,z,-9,VOID,0,-9.0,16.301188,14.519512,2.08,0.0,0.0,48.86,0.0,0.25,31.01,0.005,1.0,-9.0,-9.0,0.0,21.638649,1.122709,46.89542615525926,888.721000000005,1419
61165.0258,z,-9,VOID,0,-9.0,-9.945053,15.207469,2.16,0.0,0.0,49.49,0.0,0.25,31.01,0.005,1.0,-9.0,-9.0,0.0,21.63799,-0.65395844,46.90172615525597,888.7273000000059,1419
61165.0499,Y,-9,VOID,0,-9.0,50.698963,27.262846,1.83,0.0,0.0,44.83,0.0,0.25,30.08,0.005,1.0,-9.0,-9.0,0.0,22.510878,1.8596357,46.92582615525161,888.751400000001,1419
61171.9931,u,-9,VOID,0,-9.0,-4.593387,6.175634,2.34,0.0,0.0,4.88,0.0,0.25,29.57,0.005,1.0,-9.0,-9.0,0.0,24.37208,-0.743792,53.86902615525345,895.6946000000025,1419
61171.9965,u,-9,VOID,0,-9.0,-4.64937,5.9457655,2.27,0.0,0.0,4.88,0.0,0.25,29.58,0.005,1.0,-9.0,-9.0,0.0,24.373869,-0.7819633,53.87242615525739,895.698000000004,1419
61172.0166,r,-9,VOID,0,-9.0,16.190138,5.426091,2.03,0.0,0.0,25.3,0.0,0.25,31.51,0.005,1.0,-9.0,-9.0,0.0,21.140266,2.983757,53.89252615526029,895.7181000000055,1419
61175.0303,u,-9,VOID,0,-9.0,-1.7454665,6.0948997,2.1,0.0,0.0,4.8,0.0,0.25,29.46,0.005,1.0,-9.0,-9.0,0.0,24.371239,-0.28638148,56.906226155256064,898.7318000000014,1419
61175.0539,r,-9,VOID,0,-9.0,7.8744144,6.075453,2.18,0.0,0.0,26.46,0.0,0.25,31.47,0.005,1.0,-9.0,-9.0,0.0,21.135925,1.2961034,56.92982615524932,898.7554000000018,1419
61179.9585,i,-9,VOID,0,-9.0,1.99178,8.158684,1.98,0.0,0.0,37.64,0.0,0.25,31.35,0.005,1.0,-9.0,-9.0,0.0,21.291332,0.24413007,61.834426155252025,903.6600000000035,1419
61179.9694,r,-9,VOID,0,-9.0,18.172491,4.607956,1.59,0.0,0.0,26.25,0.0,0.25,31.55,0.005,1.0,-9.0,-9.0,0.0,21.12702,3.9437206,61.84532615525665,903.6709000000046,1419
61179.9779,r,-9,VOID,0,-9.0,11.187601,4.895556,1.77,0.0,0.0,25.85,0.0,0.25,31.54,0.005,1.0,-9.0,-9.0,0.0,21.131058,2.2852564,61.85382615525333,903.6794000000009,1419
61180.0015,u,-9,VOID,0,-9.0,7.0685954,6.210003,2.15,0.0,0.0,4.92,0.0,0.25,29.51,0.005,1.0,-9.0,-9.0,0.0,24.440668,1.1382596,61.87742615525537,903.7030000000013,1419
61180.0177,u,-9,VOID,0,-9.0,-9.946593,7.0138993,2.42,0.0,0.0,4.77,0.0,0.25,29.43,0.005,1.0,-9.0,-9.0,0.0,24.546745,-1.418126,61.89362615525194,903.7191999999995,1419
61180.9565,Y,-9,VOID,0,-9.0,57.778603,28.012527,1.58,0.0,0.0,56.94,0.0,0.25,30.15,0.005,1.0,-9.0,-9.0,0.0,22.515879,2.0625987,62.8324261552579,904.6580000000031,1419
61180.9665,Y,-9,VOID,0,-9.0,-25.5428,22.300823,1.64,0.0,0.0,42.58,0.0,0.25,30.12,0.005,1.0,-9.0,-9.0,0.0,22.514181,-1.1453748,62.84242615525296,904.6680000000051,1419
