band,time,fluxcal,fluxcalerr,processing
u,0.0,-4.269245147705078,4.009239196777344,raw
u,5.976499999997031,-2.603372812271118,6.247364521026611,raw
u,57.88289999999688,9.712376594543457,6.375403881072998,raw
u,61.891999999999825,-1.0234342813491821,9.113189697265625,raw
u,64.7548999999999,-6.151993751525879,8.404634475708008,raw
u,122.72630000000208,34.16050720214844,8.620136260986328,raw
u,152.68789999999717,24.502038955688477,9.296438217163086,raw
u,0.0,-3.651792227561195,3.359274380670563,gp
u,1.5423020202019917,-3.5598221959723304,3.2890569669888503,gp
u,3.0846040404039834,-3.457743285261312,3.287961043049512,gp
u,4.626906060605975,-3.3468625304525084,3.3493182629549825,gp
u,6.169208080807967,-3.2284558698392676,3.46432054033042,gp
u,7.711510101009958,-3.1035614696680813,3.6224004686156386,gp
u,9.25381212121195,-2.972611266059001,3.810589529783911,gp
u,10.796114141413941,-2.835914922429703,4.017162898232771,gp
u,12.338416161615934,-2.6937606337003324,4.232551727846752,gp
u,13.880718181817926,-2.5464161795235896,4.449221216490925,gp
u,15.423020202019917,-2.3941299316306157,4.661348957606598,gp
u,16.965322222221907,-2.237131817559934,4.86447436856193,gp
u,18.5076242424239,-2.0756342429527415,5.055191048988544,gp
u,20.049926262625892,-1.9098329745191087,5.230901005927604,gp
u,21.592228282827882,-1.7399079857047504,5.389627300509546,gp
u,23.134530303029877,-1.5660242670160223,5.5298747354432765,gp
u,24.676832323231867,-1.3883326028943763,5.650527761163889,gp
u,26.219134343433858,-1.2069703169672614,5.750776518760378,gp
u,27.761436363635852,-1.0220619874421146,5.8300640668110715,gp
u,29.303738383837842,-0.8337201343540137,5.888049731982441,gp
u,30.846040404039833,-0.6420458803235078,5.924585037096159,gp
u,32.38834242424183,-0.44712958643164313,5.9396998267777015,gp
u,33.930644444443814,-0.2490514647717923,5.933597108773334,gp
u,35.47294646464581,-0.047882169194284785,5.90665583847449,gp
u,37.0152484848478,0.15631663428070652,5.859441461436112,gp
u,38.55755050504979,0.3634917159451838,5.792724542932543,gp
u,40.099852525251784,0.573597748377626,5.7075082849785845,gp
u,41.64215454545378,0.7865967885394554,5.6050661650320865,gp
u,43.184456565655765,1.0024577746532373,5.4869912930617275,gp
u,44.72675858585776,1.2211560365483933,5.355259273366851,gp
u,46.26906060605975,1.4426728181845014,5.212306153697176,gp
u,47.81136262626174,1.6669948110839208,5.061122023723506,gp
u,49.353664646463734,1.8941136974236237,4.905358249532688,gp
u,50.89596666666573,2.1240257015532684,4.7494410470492845,gp
u,52.438268686867715,2.356731148719554,4.598674602035787,gp
u,53.98057070706971,2.5922340297885498,4.459301996283229,gp
u,55.522872727271704,2.830541570766215,4.338472642238614,gp
u,57.06517474747369,3.0716638059239507,4.244047258334629,gp
u,58.607476767675685,3.315763829798925,4.184074561851194,gp
u,60.14977878787768,3.5670192189508576,4.163659336171019,gp
u,61.692080808079666,3.8339620440890982,4.184277270437711,gp
u,63.23438282828166,4.125024983103348,4.2460040113714035,gp
u,64.77668484848365,4.446611961812451,4.346207954788927,gp
u,66.31898686868564,4.803018421448453,4.480389381246458,gp
u,67.86128888888763,5.193185202099009,4.641623956960053,gp
u,69.40359090908963,5.614833428598729,4.822770088336163,gp
u,70.94589292929162,6.0657610964716895,5.017366503716681,gp
u,72.4881949494936,6.543836206082865,5.219790875895658,gp
u,74.0304969696956,7.046990034087228,5.425277859917625,gp
u,75.57279898989759,7.573210527685397,5.629858636139006,gp
u,77.11510101009958,8.120535807413802,5.830266228038233,gp
u,78.65740303030158,8.687047764388007,6.023833282671159,gp
u,80.19970505050357,9.270865738083751,6.208396150375941,gp
u,81.74200707070555,9.870140260878284,6.382211119593768,gp
u,83.28430909090756,10.483046855687965,6.5438842731520905,gp
u,84.82661111110954,11.107779873124773,6.69231430011549,gp
u,86.36891313131153,11.742546354656243,6.826646742141196,gp
u,87.91121515151353,12.385559908288991,6.946237958024068,gp
u,89.45351717171552,13.035034583306402,7.050627201243512,gp
u,90.9958191919175,13.689178730576137,7.139515434573096,gp
u,92.5381212121195,14.34618883490248,7.212749759965395,gp
u,94.0804232323215,15.004243305832277,7.270312579033644,gp
u,95.62272525252348,15.661496213231272,7.312314803558809,gp
u,97.16502727272548,16.316070953829982,7.338992602675629,gp
u,98.70732929292747,16.96605383479408,7.350707304521692,gp
u,100.24963131312946,17.609487560203853,7.3479481667319835,gp
u,101.79193333333146,18.244364606130368,7.33133779245535,gp
u,103.33423535353344,18.86862046977177,7.3016399941974885,gp
u,104.87653737373543,19.48012677786127,7.259769890911746,gp
u,106.41883939393743,20.076684239279217,7.206805954320452,gp
u,107.96114141413942,20.65601542649313,7.144003583753819,gp
u,109.5034434343414,21.215757370113366,7.072809565591406,gp
u,111.04574545454341,21.75345395048425,6.9948764413012485,gp
u,112.5880474747454,22.266548069835267,6.912075345453443,gp
u,114.13034949494738,22.752373588087597,6.826505269115094,gp
u,115.67265151514938,23.208147004953013,6.740495964963635,gp
u,117.21495353535137,23.630958870469158,6.656600893465532,gp
u,118.75725555555336,24.01776490559059,6.577575842797948,gp
u,120.29955757575536,24.365376813894624,6.506338366977621,gp
u,121.84185959595735,24.670452764866226,6.445903312337942,gp
u,123.38416161615933,24.929575964590114,6.39923008678343,gp
u,124.92646363636133,25.14211127486268,6.3671458366981755,gp
u,126.46876565656332,25.310828245080238,6.347899551131889,gp
u,128.01106767676532,25.438542920800256,6.339573961385267,gp
u,129.5533696969673,25.527910379362684,6.340339592046013,gp
u,131.0956717171693,25.581431801616883,6.348544328610373,gp
u,132.63797373737128,25.60146119245504,6.36278528078414,gp
u,134.18027575757327,25.59021176392063,6.381963736093548,gp
u,135.72257777777526,25.549761994009238,6.40532491558282,gp
u,137.26487979797727,25.48206137365403,6.432484518866335,gp
u,138.80718181817926,25.38893585378353,6.463443811743681,gp
u,140.34948383838125,25.27209300375865,6.498594435669731,gp
u,141.89178585858323,25.13312689193507,6.538713373339459,gp
u,143.43408787878522,24.97352269855611,6.584947743598143,gp
u,144.9763898989872,24.79466107065889,6.638788466294426,gp
u,146.51869191918922,24.597822228173264,6.70203147341423,gp
u,148.0609939393912,24.38418982990504,6.77672517939486,gp
u,149.6032959595932,24.15485460762473,6.865103466231016,gp
u,151.14559797979518,23.910817776027066,6.969504526963533,gp
u,152.68789999999717,23.652994225885593,7.09227746807093,gp
g,0.0,-1.803993582725525,2.8592488765716553,raw
g,0.0005000000019208528,2.6402831077575684,2.847456216812134,raw
g,6.903599999997823,4.35714864730835,3.174919843673706,raw
g,7.9847999999983585,-1.873757004737854,2.4896726608276367,raw
g,27.944499999997788,1.0346564054489136,3.464663028717041,raw
g,30.891100000000733,5.708284854888916,2.5676732063293457,raw
g,58.88960000000225,0.9962232708930969,2.202495813369751,raw
g,62.92130000000179,-0.7403138279914856,3.490849733352661,raw
g,63.89919999999984,-0.9245457649230957,4.2493486404418945,raw
g,142.75650000000314,19.718454360961914,5.839166164398193,raw
g,145.7329000000027,19.731399536132812,5.930371284484863,raw
g,154.69520000000193,15.937010765075684,3.87139892578125,raw
g,0.0,0.4544790294183514,1.5869143271665673,gp
g,1.5625777777777974,0.5473449190317154,1.4780769903784294,gp
g,3.1251555555555948,0.6470410815413601,1.4073156847362658,gp
g,4.687733333333393,0.7538181203217746,1.371754794672048,gp
g,6.2503111111111895,0.8679487882826393,1.3681128101911606,gp
g,7.8128888888889865,0.9900199448895322,1.3930614132092958,gp
g,9.375466666666785,1.1239131922211953,1.4409756022865114,gp
g,10.938044444444582,1.2694205341229434,1.5017010480740889,gp
g,12.500622222222379,1.4237368093907747,1.5656640188359272,gp
g,14.063200000000176,1.5840803978677371,1.625758124331837,gp
g,15.625777777777973,1.7476860241720047,1.6771908342102382,gp
g,17.18835555555577,1.9117949205447502,1.7171277406858811,gp
g,18.75093333333357,2.073645002387437,1.7443713499287667,gp
g,20.313511111111367,2.2304610311064366,1.7591427214686348,gp
g,21.876088888889164,2.379444738848136,1.762961981281453,gp
g,23.43866666666696,2.517764889617453,1.758595099883167,gp
g,25.001244444444758,2.6425472511227426,1.7500151954736416,gp
g,26.563822222222555,2.750864451481604,1.7423024412288521,gp
g,28.126400000000352,2.8397246720396048,1.741379275030585,gp
g,29.68897777777815,2.905164110302902,1.7526196512963006,gp
g,31.251555555555946,2.940609568849677,1.7786307458115975,gp
g,32.81413333333374,2.942238717936071,1.8188297956207722,gp
g,34.37671111111154,2.9128831410450786,1.8677675737369055,gp
g,35.93928888888934,2.8560907659482346,1.9195838110637373,gp
g,37.50186666666714,2.775308117459943,1.969051809989703,gp
g,39.06444444444494,2.6738921668860236,2.0118056595380853,gp
g,40.627022222222735,2.5551219467749533,2.0443881194344753,gp
g,42.18960000000053,2.4222099607059384,2.064216232004779,gp
g,43.75217777777833,2.2783134173757595,2.0695284159165106,gp
g,45.314755555556125,2.1265453178433518,2.059349761362287,gp
g,46.87733333333392,1.969985424450634,2.03349694803705,gp
g,48.43991111111172,1.8116911396649193,1.99263836049575,gp
g,50.002488888889516,1.6547083228781183,1.938424694633359,gp
g,51.56506666666731,1.5020820730514473,1.8737059564940535,gp
g,53.12764444444511,1.3568675050124135,1.802844011352808,gp
g,54.69022222222291,1.2221405471907865,1.7320980892046958,gp
g,56.252800000000704,1.1010087886248883,1.6699712530075637,gp
g,57.8153777777785,0.9966224031761257,1.6272268944595658,gp
g,59.3779555555563,0.9121868148280186,1.616033578771812,gp
g,60.940533333334095,0.8510868777820058,1.6449780207062172,gp
g,62.50311111111189,0.8169718469210778,1.7153886789176929,gp
g,64.0656888888897,0.8133799655244935,1.825644644465567,gp
g,65.62826666666749,0.8413836226446243,1.9698517907438622,gp
g,67.19084444444529,0.8994363430566672,2.139115806697569,gp
g,68.75342222222308,0.985783249928911,2.3253649080326206,gp
g,70.31600000000088,1.0987628189879821,2.5220951241401077,gp
g,71.87857777777867,1.2368009965667426,2.7242738499599897,gp
g,73.44115555555648,1.3984055376915876,2.928067761380481,gp
g,75.00373333333428,1.5821605495359137,3.1305629483215545,gp
g,76.56631111111207,1.7867212260267245,3.329533293961531,gp
g,78.12888888888988,2.010808759821014,3.5232643012496068,gp
g,79.69146666666767,2.2532054182645815,3.7104236541011932,gp
g,81.25404444444547,2.512749770313423,3.889967166332662,gp
g,82.81662222222326,2.7883320517329864,4.061070368921878,gp
g,84.37920000000106,3.0788896561988324,4.223078368204153,gp
g,85.94177777777885,3.3834027401994113,4.37546869391409,gp
g,87.50435555555666,3.7008899298930835,4.5178234332861615,gp
g,89.06693333333445,4.030404118293383,4.649808071036861,gp
g,90.62951111111225,4.371028341353089,4.771155235498523,gp
g,92.19208888889004,4.72187172168595,4.8816520885847465,gp
g,93.75466666666784,5.0820654688079365,4.981130467481487,gp
g,95.31724444444563,5.45075892489686,5.0694591425144,gp
g,96.87982222222344,5.827115645159314,5.14653773517667,gp
g,98.44240000000123,6.210309501959891,5.212291967572171,gp
g,100.00497777777903,6.599520801906905,5.266670006235638,gp
g,101.56755555555684,6.993932405103056,5.309639730754125,gp
g,103.13013333333463,7.392725835758792,5.341186808587873,gp
g,104.69271111111243,7.795077373328983,5.361313497381619,gp
g,106.25528888889022,8.20015411327162,5.37003812874229,gp
g,107.81786666666802,8.607109986439237,5.367395255823161,gp
g,109.38044444444581,9.0150817259998,5.353436473380496,gp
g,110.94302222222362,9.42318477064403,5.328231945207572,gp
g,112.50560000000141,9.830509092669086,5.291872701834241,gp
g,114.06817777777921,10.2361149393354,5.244473802993195,gp
g,115.630755555557,10.639028475672262,5.186178496695006,gp
g,117.1933333333348,11.038237316659536,5.117163552284281,gp
g,118.7559111111126,11.43268593643494,5.037646001536106,gp
g,120.3184888888904,11.821270941871049,4.9478915932824465,gp
g,121.88106666666819,12.202836197529619,4.848225357471213,gp
g,123.443644444446,12.576167788634908,4.739044788671306,gp
g,125.00622222222378,12.939988808309664,4.620836301398209,gp
g,126.56880000000159,13.292953954887963,4.494195783023042,gp
g,128.1313777777794,13.63364392465609,4.359854271868477,gp
g,129.69395555555718,13.960559584875275,4.218710003094147,gp
g,131.25653333333497,14.27211591140839,4.071868250711189,gp
g,132.8191111111128,14.56663567470335,3.9206904541700602,gp
g,134.38168888889058,14.842342857280137,3.7668538551066484,gp
g,135.94426666666837,15.097355785222561,3.612421910503723,gp
g,137.50684444444616,15.329679955490386,3.4599234416351248,gp
g,139.06942222222398,15.537200540139567,3.3124338107256577,gp
g,140.63200000000177,15.717674547767203,3.1736431045790825,gp
g,142.19457777777956,15.868722621681348,3.0478834436445035,gp
g,143.75715555555735,15.987947391142082,2.939971391329403,gp
g,145.31973333333517,16.074424156667554,2.8538538472135992,gp
g,146.88231111111295,16.128374837509085,2.792672260584765,gp
g,148.44488888889074,16.151518306585125,2.758316552675186,gp
g,150.00746666666856,16.14629614532068,2.7519197303216867,gp
g,151.57004444444635,16.115015621325043,2.7744708580672564,gp
g,153.13262222222414,16.059849236985944,2.8267395702597895,gp
g,154.69520000000193,15.982842185732682,2.9091838680225868,gp
r,0.0,1.6451988220214844,4.065347671508789,raw
r,2.0267000000021653,10.0948486328125,4.46750020980835,raw
r,9.078200000003562,-1.5429027080535889,3.4707484245300293,raw
r,11.079200000000128,-8.36812686920166,4.902279853820801,raw
r,11.079600000004575,2.3701937198638916,4.967489719390869,raw
r,27.9687000000049,1.0282059907913208,4.297881126403809,raw
r,29.053200000002107,8.044774055480957,4.2733025550842285,raw
r,29.053700000004028,-1.4247642755508423,4.551572799682617,raw
r,29.067300000002433,2.263401508331299,4.608088970184326,raw
r,30.990100000002712,4.087040901184082,4.000454425811768,raw
r,33.981800000001385,0.5782404541969299,4.431422710418701,raw
r,35.958599999998114,-3.8527283668518066,3.8209962844848633,raw
r,55.92309999999998,15.017965316772461,6.214293479919434,raw
r,56.99980000000505,3.48498272895813,4.587862014770508,raw
r,58.00920000000042,-3.0776078701019287,4.697988510131836,raw
r,59.946100000001024,1.2675985097885132,3.9754445552825928,raw
r,70.85220000000118,-1.0358340740203857,4.320019721984863,raw
r,70.85310000000027,0.7490546703338623,4.428153991699219,raw
r,87.94419999999809,-3.378236770629883,4.493007659912109,raw
r,87.9667000000045,1.3443068265914917,5.861288070678711,raw
r,88.9198000000033,-1.5134899616241455,4.390649318695068,raw
r,93.91769999999815,-6.27841329574585,5.4644060134887695,raw
r,95.7925000000032,-3.498166799545288,5.619905948638916,raw
r,129.65149999999994,30.19217872619629,8.517873764038086,raw
r,152.82500000000437,30.021163940429688,9.848784446716309,raw
r,153.7428,54.112152099609375,6.261377811431885,raw
r,170.76690000000235,22.825847625732422,14.440693855285645,raw
r,171.7399000000005,29.65159797668457,6.429980754852295,raw
r,171.81070000000182,16.10394859313965,20.915674209594727,raw
r,174.7390000000014,26.083120346069336,7.638154983520508,raw
r,0.0,3.5768500131301777,2.855794790234276,gp
r,1.7650404040404182,2.996178605617076,2.494695860451079,gp
r,3.5300808080808364,2.2918156615097116,2.2828152445472427,gp
r,5.295121212121255,1.514714990671632,2.163439011277167,gp
r,7.060161616161673,0.7510531356206487,2.094677550752813,gp
r,8.825202020202092,0.08716972857839805,2.083843099468241,gp
r,10.59024242424251,-0.3951369570313162,2.1713055014240035,gp
r,12.355282828282927,-0.6509862870750331,2.357122707775261,gp
r,14.120323232323345,-0.6968868170313565,2.580532166589361,gp
r,15.885363636363763,-0.5756809755123057,2.7739544646523546,gp
r,17.650404040404183,-0.3291144412416612,2.8943460059784205,gp
r,19.4154444444446,0.0021144158936708957,2.918249489752416,gp
r,21.18048484848502,0.3780135041603498,2.8367352419041336,gp
r,22.945525252525435,0.7589603746823301,2.6535500926594553,gp
r,24.710565656565855,1.1053678803693492,2.3869781464356494,gp
r,26.47560606060627,1.3773500405662242,2.0769526682380763,gp
r,28.24064646464669,1.5343795817454957,1.7990786570802686,gp
r,30.00568686868711,1.5348065381925033,1.6590211199325462,gp
r,31.770727272727527,1.3787393204884517,1.6928956956864716,gp
r,33.53576767676795,1.1369892486038373,1.8596919718227196,gp
r,35.300808080808366,0.9140575604149834,2.121235865172367,gp
r,37.06584848484878,0.8050457130581091,2.449978193308121,gp
r,38.8308888888892,0.8317628716359513,2.7970912473585448,gp
r,40.59592929292962,0.9662267006035603,3.1105872885673116,gp
r,42.36096969697004,1.180226284609476,3.3568284353084725,gp
r,44.12601010101046,1.4461923815603501,3.515593240078281,gp
r,45.89105050505087,1.7369656027491247,3.576138632206516,gp
r,47.65609090909129,2.025567095052053,3.5352598114089866,gp
r,49.42113131313171,2.2849702924453816,3.396913066640225,gp
r,51.18617171717213,2.4878723098463604,3.1733185755791182,gp
r,52.95121212121254,2.606463550142756,2.8879673689915553,gp
r,54.71625252525296,2.6121940852169394,2.581239912350812,gp
r,56.48129292929338,2.4762126382914182,2.3173218242842153,gp
r,58.2463333333338,2.215754371536274,2.170621386605265,gp
r,60.01137373737422,1.9107161760797047,2.164108577805789,gp
r,61.776414141414634,1.5889163322045445,2.2542468455272546,gp
r,63.54145454545505,1.2567371547157251,2.3646265331024954,gp
r,65.30649494949547,0.9179956827757227,2.4450830071002763,gp
r,67.0715353535359,0.5764331299324388,2.483901449277887,gp
r,68.83657575757631,0.23575164533243642,2.5027210779417906,gp
r,70.60161616161673,-0.10034920005036696,2.549538017825628,gp
r,72.36665656565715,-0.4282176837809484,2.6711149565591565,gp
r,74.13169696969756,-0.7446167775644246,2.8360849624125284,gp
r,75.89673737373798,-1.0463847651325824,2.988181399123738,gp
r,77.6617777777784,-1.3302263586268053,3.0862688574303974,gp
r,79.42681818181882,-1.5926799999245267,3.1059167002194714,gp
r,81.19185858585924,-1.8300843537739215,3.0375803946679762,gp
r,82.95689898989966,-2.0385435138288703,2.886207810301232,gp
r,84.72193939394008,-2.213890696328985,2.6740500822242694,gp
r,86.4869797979805,-2.351650187667162,2.4475778298643633,gp
r,88.25202020202092,-2.4469829631749835,2.2851964113123553,gp
r,90.01706060606132,-2.487520403422287,2.2666954101875807,gp
r,91.78210101010174,-2.433299284007562,2.3937971424957296,gp
r,93.54714141414216,-2.2330764661254445,2.6437075007246764,gp
r,95.31218181818258,-1.8386795636292774,3.008241614184658,gp
r,97.077222222223,-1.2360994898823243,3.4686055580237496,gp
r,98.84226262626342,-0.4390859817507913,3.983136596627093,gp
r,100.60730303030384,0.5326714077087713,4.510714311350339,gp
r,102.37234343434426,1.6608605602047142,5.0228766293624885,gp
r,104.13738383838468,2.9284548251133806,5.500430021541469,gp
r,105.90242424242508,4.319552794604194,5.9304607542477665,gp
r,107.6674646464655,5.819225004089008,6.304375778054152,gp
r,109.43250505050592,7.413366561593428,6.616704715990693,gp
r,111.19754545454634,9.088554742070151,6.864388362381313,gp
r,112.96258585858676,10.831910609646586,7.0463766474115825,gp
r,114.72762626262718,12.630963752451974,7.1634341362098395,gp
r,116.4926666666676,14.473519231116988,7.218096548274093,gp
r,118.25770707070802,16.347525853365433,7.214746430157199,gp
r,120.02274747474844,18.240944893374063,7.159785964026372,gp
r,121.78778787878885,20.141618375796234,7.061880747271807,gp
r,123.55282828282927,22.037136040529305,6.932226027897655,gp
r,125.31786868686969,23.914700095430263,6.784738143429099,gp
r,127.0829090909101,25.760986850195323,6.635991586422622,gp
r,128.84794949495054,27.562004305446063,6.50461535048933,gp
r,130.61298989899095,29.303214763954433,6.4088365132894545,gp
r,132.37803030303135,30.974193959578024,6.347366539325699,gp
r,134.1430707070718,32.56795486590789,6.3015401881248545,gp
r,135.9081111111122,34.07649868860062,6.253080525609895,gp
r,137.67315151515263,35.49056377218062,6.186477546334561,gp
r,139.43819191919303,36.799523123802786,6.090003231714245,gp
r,141.20323232323346,37.99127225550433,5.956229792147469,gp
r,142.96827272727387,39.05210659871126,5.782363441861341,gp
r,144.7333131313143,39.9665876837675,5.5706337816957285,gp
r,146.4983535353547,40.717397211672676,5.328886973011654,gp
r,148.26339393939512,41.28517807470118,5.071401690042857,gp
r,150.02843434343555,41.64836130675452,4.819686499391113,gp
r,151.79347474747595,41.78297786276479,4.602474854231594,gp
r,153.5585151515164,41.66187929300105,4.453082272192832,gp
r,155.3235555555568,41.24980953079457,4.3900275045816795,gp
r,157.08859595959723,40.566025351538606,4.386286603385947,gp
r,158.85363636363763,39.653553761191816,4.403863320590654,gp
r,160.61867676767807,38.552858639903135,4.412010441512001,gp
r,162.38371717171847,37.302167233184136,4.39092847904325,gp
r,164.14875757575888,35.937805356568745,4.33320176918304,gp
r,165.9137979797993,34.4945194327689,4.244919757427828,gp
r,167.67883838383972,33.00578740445223,4.147430806189956,gp
r,169.44387878788015,31.504120500746673,4.079168650186698,gp
r,171.20891919192056,30.021320044170043,4.094531091961981,gp
r,172.973959595961,28.583710145590924,4.249879136478783,gp
r,174.7390000000014,27.202076245125514,4.563203113980768,gp
i,0.0,3.147475481033325,11.825910568237305,raw
i,0.0009000000063679181,-0.09427840262651443,12.05868911743164,raw
i,8.008300000001327,2.032505989074707,5.575812816619873,raw
i,9.985700000004726,-1.9598217010498047,5.909981727600098,raw
i,17.050300000002608,-0.36290475726127625,5.852847576141357,raw
i,19.05170000000362,-1.9358001947402954,6.007841110229492,raw
i,19.05210000000079,13.395600318908691,6.129018783569336,raw
i,20.986700000001292,-0.48494839668273926,5.6635966300964355,raw
i,35.928500000001804,9.662093162536621,8.341383934020996,raw
i,37.06270000000222,2.3987205028533936,6.78427791595459,raw
i,41.990300000004936,0.3586094081401825,7.244723796844482,raw
i,49.06810000000405,18.93195915222168,8.209151268005371,raw
i,50.005300000004354,-1.181896686553955,5.748067378997803,raw
i,60.93340000000171,15.008753776550293,11.38987922668457,raw
i,63.93180000000575,7.071407794952393,7.485397815704346,raw
i,63.94290000000183,3.9662158489227295,7.022580146789551,raw
i,66.01720000000205,3.6656124591827393,7.359546184539795,raw
i,78.8608000000022,3.9533579349517822,5.476711273193359,raw
i,78.86170000000129,10.040548324584961,5.534780979156494,raw
i,78.89180000000488,-15.517317771911621,5.722869396209717,raw
i,78.8923000000068,-2.9422285556793213,5.685731887817383,raw
i,81.81680000000051,-7.899888038635254,11.32709789276123,raw
i,89.98950000000332,25.70551300048828,16.261398315429688,raw
i,101.87750000000233,-8.732205390930176,6.645196914672852,raw
i,107.74430000000575,3.2312326431274414,7.796811103820801,raw
i,116.74690000000555,-12.585525512695312,16.78148078918457,raw
i,117.66320000000269,-4.157919883728027,12.111114501953125,raw
i,137.64650000000256,44.83049392700195,9.708022117614746,raw
i,148.78970000000118,57.096683502197266,13.788779258728027,raw
i,153.78980000000593,48.19795227050781,8.758966445922852,raw
i,153.81150000000343,38.118568420410156,10.064570426940918,raw
i,160.83250000000407,48.025733947753906,20.436922073364258,raw
i,161.77240000000165,28.832828521728516,10.428106307983398,raw
i,170.65730000000622,18.079187393188477,8.756590843200684,raw
i,176.74870000000374,19.341482162475586,20.6275634765625,raw
i,176.7491000000009,3.16616153717041,21.009979248046875,raw
i,176.77200000000448,27.96014976501465,25.26542091369629,raw
i,200.68610000000626,30.490610122680664,17.404470443725586,raw
i,0.0,0.6533457629725672,5.442120341996673,gp
i,2.0271323232323866,0.6638191901870594,4.778737973972933,gp
i,4.054264646464773,0.6830295529668882,4.197549187732059,gp
i,6.08139696969716,0.7234383122831713,3.6940248906351156,gp
i,8.108529292929546,0.7978160974236623,3.297987705179569,gp
i,10.135661616161933,0.9273853739917877,3.048774078697709,gp
i,12.16279393939432,1.14409529190665,2.9050056082247027,gp
i,14.189926262626706,1.4308637958067718,2.7808404610111297,gp
i,16.217058585859093,1.7604453156161368,2.6590468220915344,gp
i,18.24419090909148,2.1038868928422905,2.621935045101669,gp
i,20.271323232323866,2.4027249434022764,2.773798641204668,gp
i,22.298455555556252,2.665822561815847,3.1022780217542345,gp
i,24.32558787878864,2.9240280856407717,3.4826501858926218,gp
i,26.352720202021025,3.1730398057151836,3.802498714993706,gp
i,28.379852525253412,3.4074909822968866,4.003404570764577,gp
i,30.4069848484858,3.621545301332549,4.06652917633158,gp
i,32.434117171718185,3.8087820793915173,4.00387561694948,gp
i,34.46124949495057,3.9620730797067987,3.8570180132662157,gp
i,36.48838181818296,4.0737420798936705,3.69755430475369,gp
i,38.515514141415345,4.160533273717652,3.594760841261903,gp
i,40.54264646464773,4.265816024917012,3.5416855831099654,gp
i,42.56977878788012,4.425062106463882,3.5174392545883237,gp
i,44.596911111112504,4.647408211300265,3.5071515222482814,gp
i,46.62404343434489,4.895531585897694,3.489974666410568,gp
i,48.65117575757728,5.127416909802894,3.4863357612722323,gp
i,50.678308080809664,5.316834341540094,3.5493139537983236,gp
i,52.70544040404205,5.494871789644585,3.667402283953547,gp
i,54.73257272727444,5.636655479842324,3.759059072796908,gp
i,56.759705050506824,5.7066150347336855,3.7702794903893517,gp
i,58.78683737373921,5.66757262293573,3.6879376741701173,gp
i,60.8139696969716,5.480112457475492,3.540501999319642,gp
i,62.841102020203984,5.112487142017837,3.393747122037188,gp
i,64.86823434343637,4.580417417904234,3.3244308277335874,gp
i,66.89536666666876,3.9218144330523135,3.3488471387679004,gp
i,68.92249898990114,3.178891796921569,3.386042739689677,gp
i,70.94963131313352,2.38724179647245,3.345181916600174,gp
i,72.97676363636592,1.5810910280104031,3.182260763325209,gp
i,75.00389595959831,0.7942531362250685,2.9120326597721937,gp
i,77.03102828283069,0.060754816236838205,2.631131996798182,gp
i,79.05816060606307,-0.5845087192590842,2.5478296540178476,gp
i,81.08529292929546,-1.1089109528107757,2.827770118967935,gp
i,83.11242525252786,-1.5070152116592985,3.320989328773225,gp
i,85.13955757576024,-1.8093219650150318,3.8508972465970763,gp
i,87.16668989899262,-2.065402186445495,4.317359712520588,gp
i,89.19382222222501,-2.3243393330089086,4.676734386501478,gp
i,91.2209545454574,-2.6310092900691933,4.915793325789328,gp
i,93.24808686868978,-2.971150917793654,5.029694039283356,gp
i,95.27521919192216,-3.285770110215787,5.0211888964049605,gp
i,97.30235151515456,-3.514124719365292,4.909996592783277,gp
i,99.32948383838695,-3.593788560017621,4.736717786660993,gp
i,101.35661616161933,-3.45958487127956,4.566361555215124,gp
i,103.38374848485171,-3.05104581084382,4.477561436394614,gp
i,105.4108808080841,-2.3792039681034347,4.491155578162774,gp
i,107.4380131313165,-1.490505685385342,4.601629724509776,gp
i,109.46514545454887,-0.42000833212075683,4.80887544914373,gp
i,111.49227777778125,0.8506296345797115,5.073671520253972,gp
i,113.51941010101365,2.3627378416190505,5.356507898822758,gp
i,115.54654242424604,4.161693324111078,5.642504269785438,gp
i,117.57367474747842,6.296786932136625,5.936926897617329,gp
i,119.6008070707108,8.784128477500598,6.241687716537945,gp
i,121.6279393939432,11.560528581126054,6.525419785310699,gp
i,123.65507171717559,14.550641080145294,6.7563920976411,gp
i,125.68220404040797,17.681896418274768,6.913145246476814,gp
i,127.70933636364035,20.883070032995107,6.9843050336426264,gp
i,129.73646868687274,24.08286231619404,6.967984348294861,gp
i,131.76360101010513,27.208472363450632,6.871505462678079,gp
i,133.79073333333753,30.184146560443324,6.711509192575716,gp
i,135.8178656565699,32.929682737833716,6.513999521462503,gp
i,137.8449979798023,35.35888671412506,6.313149413788742,gp
i,139.87213030303468,37.40130464333536,6.131860789425321,gp
i,141.89926262626705,39.047453806248306,5.948489296164582,gp
i,143.92639494949944,40.291544824807204,5.740090419790922,gp
i,145.95352727273183,41.11825964936071,5.4977963748553185,gp
i,147.98065959596423,41.50240576505925,5.2313421691300634,gp
i,150.00779191919662,41.41149440749459,4.970714063219143,gp
i,152.03492424242899,40.84779589510423,4.752064898466644,gp
i,154.06205656566138,39.83781711308591,4.61934810102155,gp
i,156.08918888889377,38.42078410269092,4.5998030301740025,gp
i,158.11632121212614,36.68567669208093,4.6516474974883195,gp
i,160.14345353535853,34.7232113154551,4.738827955557925,gp
i,162.17058585859093,32.619293180583256,4.852389871982941,gp
i,164.19771818182332,30.463576701310295,4.988235538619761,gp
i,166.2248505050557,28.330244060220764,5.1304473437812135,gp
i,168.25198282828808,26.28846687356411,5.284498743095528,gp
i,170.27911515152047,24.406952111936434,5.480750557399764,gp
i,172.30624747475287,22.747986804027445,5.7596969891506005,gp
i,174.33337979798523,21.324449022288768,6.1203252319300425,gp
i,176.36051212121762,20.129384465313372,6.547438260450158,gp
i,178.38764444445002,19.155606150140045,7.030971866417779,gp
i,180.4147767676824,18.38065015917533,7.541541506906155,gp
i,182.4419090909148,17.776466220964192,8.046736568828534,gp
i,184.46904141414717,17.316546957144695,8.52406506312991,gp
i,186.49617373737956,16.97555419451628,8.960123696535176,gp
i,188.52330606061196,16.72892517976406,9.349229984929499,gp
i,190.55043838384432,16.55248342397585,9.692264635459866,gp
i,192.57757070707672,16.42204936755843,9.995847703598228,gp
i,194.6047030303091,16.313046025799192,10.271745649643215,gp
i,196.6318353535415,16.200094691081304,10.53631123308795,gp
i,198.6589676767739,16.0565956285836,10.80970592618695,gp
i,200.68610000000626,15.854288506542895,11.114635773434026,gp
z,0.0,-15.02988338470459,13.652015686035156,raw
z,0.0008999999990919605,1.014670729637146,13.682361602783203,raw
z,20.029199999997218,-8.818412780761719,8.827559471130371,raw
z,20.98399999999674,0.20548531413078308,8.2298002243042,raw
z,22.054599999995844,10.555092811584473,12.804412841796875,raw
z,37.05489999999554,-5.611535549163818,10.977595329284668,raw
z,49.05279999999766,8.240625381469727,14.979727745056152,raw
z,50.002300000000105,16.092679977416992,13.053817749023438,raw
z,51.85089999999764,-8.218114852905273,13.967806816101074,raw
z,60.88189999999304,-22.51291275024414,15.34542465209961,raw
z,60.964099999997416,-2.824615955352783,12.23454475402832,raw
z,61.8524999999936,13.855338096618652,13.72049331665039,raw
z,63.94029999999475,-25.1829891204834,10.803872108459473,raw
z,78.88879999999335,-4.56383752822876,8.468998908996582,raw
z,78.88929999999527,-11.655223846435547,8.463255882263184,raw
z,80.96140000000014,7.709841728210449,13.911096572875977,raw
z,81.76509999999689,3.997382640838623,15.97852897644043,raw
z,90.96549999999843,0.8356834053993225,19.90382957458496,raw
z,92.90380000000005,8.236135482788086,10.806511878967285,raw
z,92.90419999999722,-1.057032823562622,10.934762001037598,raw
z,93.95629999999801,-39.826358795166016,16.59964942932129,raw
z,107.74209999999584,0.7853789329528809,11.136972427368164,raw
z,117.66039999999339,16.22549819946289,16.10439109802246,raw
z,117.67509999999311,23.480525970458984,15.300357818603516,raw
z,137.65380000000005,32.80940628051758,10.599607467651367,raw
z,148.78669999999693,30.64546012878418,15.857095718383789,raw
z,153.78669999999693,47.75328826904297,17.743732452392578,raw
z,170.61899999999878,43.30928421020508,15.178929328918457,raw
z,170.69959999999992,21.052900314331055,24.968528747558594,raw
z,175.69289999999455,30.175270080566406,17.209447860717773,raw
z,176.69769999999698,36.616065979003906,19.462980270385742,raw
z,176.6981999999989,5.595047950744629,19.788705825805664,raw
z,176.76859999999579,-10.754847526550293,37.22308349609375,raw
z,176.7716999999975,32.30554962158203,38.91057205200195,raw
z,200.68279999999504,10.526288986206055,29.40595245361328,raw
z,200.70209999999497,-7.364094257354736,30.029033660888672,raw
z,201.65989999999874,-1.46956205368042,20.779056549072266,raw
z,0.0,-4.051129104556483,6.723405104294888,gp
z,2.0369686868686743,-3.9227807939949892,6.411616783867812,gp
z,4.0739373737373485,-3.766927107223593,6.1305659795592575,gp
z,6.110906060606023,-3.588738656883444,5.86970053234507,gp
z,8.147874747474697,-3.393114004113152,5.620630292508479,gp
z,10.184843434343371,-3.184726591700057,5.378402789963493,gp
z,12.221812121212047,-2.9680700239575915,5.142588743673885,gp
z,14.25878080808072,-2.7475020029437567,4.918191618582015,gp
z,16.295749494949394,-2.527287222256734,4.716267783077281,gp
z,18.33271818181807,-2.3116395130722833,4.553850409784944,gp
z,20.369686868686742,-2.1047835503710455,4.452361430560529,gp
z,22.406655555555417,-1.9171293321363907,4.4281326613500935,gp
z,24.443624242424093,-1.7637590141527175,4.469465915209835,gp
z,26.480592929292765,-1.644374109821291,4.549675127689822,gp
z,28.51756161616144,-1.5567386404871597,4.644598829317162,gp
z,30.554530303030113,-1.4988658071970324,4.736038597819766,gp
z,32.59149898989879,-1.4690020976710882,4.812291525848991,gp
z,34.628467676767464,-1.4656128767298664,4.867634609080555,gp
z,36.66543636363614,-1.487369366877694,4.90140399424335,gp
z,38.70240505050481,-1.5340410577814034,4.915811851897084,gp
z,40.739373737373484,-1.6120891966304591,4.908314941356769,gp
z,42.77634242424216,-1.7310645483464502,4.876062736695005,gp
z,44.813311111110835,-1.9008610042494192,4.8197906083220605,gp
z,46.85027979797951,-2.1317890239423525,4.744113440244792,gp
z,48.887248484848186,-2.4346637125037383,4.657498837216508,gp
z,50.924217171716855,-2.8185364655803995,4.570825026116617,gp
z,52.96118585858553,-3.2690708459963376,4.489425985799759,gp
z,54.998154545454206,-3.756742137401521,4.4119292827640235,gp
z,57.03512323232288,-4.2549937702117075,4.336896572249839,gp
z,59.07209191919156,-4.737414667345187,4.2670902631176295,gp
z,61.109060606060225,-5.177374613369586,4.209642102828555,gp
z,63.1460292929289,-5.550566521886415,4.171639850406735,gp
z,65.18299797979758,-5.82825809257501,4.148641687372918,gp
z,67.21996666666625,-5.998072378751331,4.128201466165744,gp
z,69.25693535353493,-6.066789445206246,4.097628167598388,gp
z,71.2939040404036,-6.040670687937097,4.05022345622855,gp
z,73.33087272727228,-5.9250174491126,3.9864777519846557,gp
z,75.36784141414095,-5.724218532844927,3.91458674423053,gp
z,77.40481010100962,-5.441791389808527,3.8503332777231964,gp
z,79.44177878787829,-5.080498676396553,3.815540937279184,gp
z,81.47874747474697,-4.650309091805749,3.824086799166227,gp
z,83.51571616161564,-4.168048640515938,3.868430954561002,gp
z,85.55268484848432,-3.633212978035021,3.934957627689034,gp
z,87.589653535353,-3.0409342648929685,4.014256751027709,gp
z,89.62662222222167,-2.3857592928356612,4.104136403757245,gp
z,91.66359090909035,-1.661603455041937,4.209228290721649,gp
z,93.70055959595902,-0.8606931961509605,4.337760192189321,gp
z,95.7375282828277,0.03193427691841584,4.489189735901813,gp
z,97.77449696969637,1.0177524396777824,4.649733164786099,gp
z,99.81146565656503,2.089923437678278,4.807200731016269,gp
z,101.84843434343371,3.242341000970311,4.9539941680484025,gp
z,103.88540303030238,4.469569266022768,5.087219767568692,gp
z,105.92237171717106,5.7667719330793465,5.208300613686249,gp
z,107.95934040403974,7.129642239270091,5.322276434015222,gp
z,109.99630909090841,8.550967428044912,5.433934183401434,gp
z,112.03327777777709,10.014074525175177,5.541572694343701,gp
z,114.07024646464576,11.500711504894547,5.6441244593735105,gp
z,116.10721515151444,12.992638162820633,5.742839206511424,gp
z,118.14418383838311,14.471464994903444,5.840970080535641,gp
z,120.18115252525178,15.92280077651289,5.9388433115443355,gp
z,122.21812121212045,17.340658679534585,6.029154788825873,gp
z,124.25508989898913,18.719532643091906,6.105295838750031,gp
z,126.2920585858578,20.053230187835513,6.162938087937274,gp
z,128.32902727272648,21.33479041467844,6.200282892784878,gp
z,130.36599595959515,22.556396078421884,6.218153986859382,gp
z,132.40296464646383,23.709279093499998,6.219989703156238,gp
z,134.4399333333325,24.783618787669273,6.211728845653518,gp
z,136.47690202020118,25.768432173856397,6.201526788373059,gp
z,138.51387070706986,26.651673818934782,6.198983333995248,gp
z,140.55083939393853,27.42736787871006,6.207406860494781,gp
z,142.5878080808072,28.097223203069973,6.2220553837252135,gp
z,144.62477676767588,28.6620307717832,6.239027967968267,gp
z,146.66174545454456,29.121098025050955,6.2563139093529445,gp
z,148.69871414141323,29.472231623490178,6.273942161215992,gp
z,150.7356828282819,29.71191120965805,6.292712802159983,gp
z,152.77265151515056,29.835970471959634,6.310057239754035,gp
z,154.80962020201923,29.839256196022642,6.323566888434135,gp
z,156.8465888888879,29.72316072093696,6.329763868476863,gp
z,158.88355757575658,29.49558772016289,6.324387515254977,gp
z,160.92052626262526,29.163219138847005,6.305604590171903,gp
z,162.95749494949393,28.731228137530078,6.274485745931148,gp
z,164.9944636363626,28.203331489907157,6.235249000117807,gp
z,167.0314323232313,27.581831025840906,6.19538874306177,gp
z,169.06840101009996,26.867644414025516,6.1656085293435785,gp
z,171.10536969696864,26.06037259487807,6.159374688300647,gp
z,173.1423383838373,25.1643958542346,6.188697285865464,gp
z,175.179307070706,24.194918986702017,6.259668721822832,gp
z,177.21627575757466,23.167841330689832,6.377474264795884,gp
z,179.25324444444334,22.099248225612467,6.539344075307663,gp
z,181.29021313131202,21.000917337039287,6.733005469990236,gp
z,183.3271818181807,19.883276603420235,6.946750269229775,gp
z,185.36415050504937,18.756170046229894,7.171222604611662,gp
z,187.40111919191804,17.628967012550937,7.39974528304552,gp
z,189.43808787878672,16.510667395148122,7.628309815141314,gp
z,191.4750565656554,15.410003578801648,7.855394733209948,gp
z,193.51202525252407,14.335539839904197,8.081706226938561,gp
z,195.54899393939274,13.295769909002708,8.309879800162477,gp
z,197.5859626262614,12.299213392982706,8.54414668702333,gp
z,199.62293131313007,11.354511744868349,8.789950964717956,gp
z,201.65989999999874,10.470416996468916,9.053390491704162,gp
Y,0.0,-70.29093933105469,32.52273941040039,raw
Y,0.0004000000044470653,36.1456298828125,34.54350662231445,raw
Y,0.022700000001350418,-41.145206451416016,35.04063034057617,raw
Y,0.023099999998521525,40.756134033203125,36.69086837768555,raw
Y,1.122400000000198,-44.57664489746094,21.776506423950195,raw
Y,4.998500000001513,19.109947204589844,30.132566452026367,raw
Y,5.021500000002561,51.99580001831055,28.959365844726562,raw
Y,27.970200000003388,-24.1778621673584,22.97726821899414,raw
Y,27.99330000000191,-11.893119812011719,24.336252212524414,raw
Y,32.95720000000438,5.657937526702881,27.7777156829834,raw
Y,42.06920000000537,12.666450500488281,24.941696166992188,raw
Y,42.96220000000176,-8.578202247619629,20.820173263549805,raw
Y,42.98570000000473,-17.881649017333984,20.01130485534668,raw
Y,62.06680000000051,-22.971445083618164,35.89720916748047,raw
Y,62.976300000002084,-30.17083168029785,31.69716453552246,raw
Y,62.976800000004005,29.651601791381836,31.2679500579834,raw
Y,62.999000000003434,44.63740158081055,24.150911331176758,raw
Y,62.999500000005355,2.687544107437134,23.5124568939209,raw
Y,74.00890000000072,-19.93522071838379,23.969484329223633,raw
Y,74.00940000000264,-63.39295196533203,24.52237892150879,raw
Y,75.06150000000343,40.950538635253906,56.076908111572266,raw
Y,98.78040000000328,25.77342987060547,26.837417602539062,raw
Y,99.91010000000097,37.45119857788086,55.14240264892578,raw
Y,99.91100000000006,36.19767761230469,53.61734390258789,raw
Y,99.9326000000001,55.356571197509766,32.60371398925781,raw
Y,99.93349999999919,-32.18833541870117,31.30604362487793,raw
Y,101.93040000000474,38.32001495361328,27.565824508666992,raw
Y,101.95300000000134,36.945621490478516,40.06641387939453,raw
Y,141.72989999999845,2.4753754138946533,26.380380630493164,raw
Y,141.75270000000455,-2.247148275375366,32.94650650024414,raw
Y,151.8073000000004,86.20263671875,36.50794982910156,raw
Y,151.82979999999952,-21.732757568359375,41.206600189208984,raw
Y,152.82340000000113,96.75128173828125,50.245330810546875,raw
Y,156.79820000000473,21.952945709228516,35.042076110839844,raw
Y,156.86319999999978,58.834381103515625,67.78799438476562,raw
Y,182.76499999999942,30.996143341064453,66.8052978515625,raw
Y,0.0,-11.76577201067721,11.23755492307265,gp
Y,1.8461111111111053,-11.280378659323166,13.492027939837532,gp
Y,3.6922222222222105,4.230233668170595,14.631620785547248,gp
Y,5.538333333333316,12.035827242601442,13.554437941456165,gp
Y,7.384444444444421,5.419915868048751,16.057403458099074,gp
Y,9.230555555555526,1.7055315732536873,16.511077981638767,gp
Y,11.076666666666632,0.4692485707771349,16.55483934441125,gp
Y,12.922777777777737,0.1200096946928701,16.558127403535664,gp
Y,14.768888888888842,0.02824087993514801,16.558342493313035,gp
Y,16.61499999999995,0.0015787387669218217,16.558354043408716,gp
Y,18.46111111111105,-0.021214732536270656,16.55833084951476,gp
Y,20.30722222222216,-0.09261579003331687,16.557935902922605,gp
Y,22.153333333333265,-0.3617218478967097,16.551984497921172,gp
Y,23.999444444444368,-1.3088296222558928,16.474611115431422,gp
Y,25.845555555555475,-4.11927765594729,15.70545188310192,gp
Y,27.691666666666578,-8.84259918199428,12.057033189730706,gp
Y,29.537777777777684,-5.244209996172884,14.86402940474601,gp
Y,31.38388888888879,-0.8998171977462659,15.571190379365584,gp
Y,33.2299999999999,1.0774360990795793,14.333087500342987,gp
Y,35.076111111111,0.6285606983070963,16.103314650450056,gp
Y,36.9222222222221,0.2658110234648071,16.501110034052225,gp
Y,38.76833333333321,0.2100551965441776,16.404565444232556,gp
Y,40.61444444444432,0.005028565862135959,15.15746079804107,gp
Y,42.46055555555542,-3.6202246109884886,10.6907881949989,gp
Y,44.30666666666653,-4.500613805969564,14.170841705956878,gp
Y,46.15277777777763,-1.706557463993671,16.28169486910341,gp
Y,47.998888888888736,-0.5076852684957858,16.535379716695413,gp
Y,49.84499999999984,-0.13588534171775563,16.55675922064141,gp
Y,51.69111111111095,-0.03433488346813087,16.558253152747604,gp
Y,53.537222222222056,-0.008255090883634526,16.55829098911799,gp
Y,55.383333333333155,0.0007448137121860432,16.557394714064724,gp
Y,57.22944444444426,0.0249229884283933,16.54432889130894,gp
Y,59.07555555555537,0.18412903145657422,16.385198239944742,gp
Y,60.921666666666475,1.1987518197510352,14.985939070975522,gp
Y,62.76777777777758,6.467713914636145,10.299468083176617,gp
Y,64.61388888888868,4.889817053288358,14.700173675405269,gp
Y,66.4599999999998,1.5272985549704583,16.35682458324405,gp
Y,68.3061111111109,-0.33316944776667345,16.53478202943835,gp
Y,70.152222222222,-2.864687352222848,16.46069435987739,gp
Y,71.99833333333311,-9.180785843236741,15.596839816172464,gp
Y,73.8444444444442,-18.0728308016862,11.895781279170224,gp
Y,75.69055555555532,-8.258205229381424,14.833748220875115,gp
Y,77.53666666666642,-2.447142903564981,16.34827326900408,gp
Y,79.38277777777752,-0.6534909918722491,16.540564834986384,gp
Y,81.22888888888863,-0.1644978459892997,16.557106260091643,gp
Y,83.07499999999973,-0.039733890227249144,16.558277680073655,gp
Y,84.92111111111085,-0.008768111605174222,16.558351647783272,gp
Y,86.76722222222195,0.0006201130916454324,16.55835569212204,gp
Y,88.61333333333306,0.01141815796627455,16.558350690829787,gp
Y,90.45944444444416,0.04936894749516425,16.558261613191814,gp
Y,92.30555555555526,0.19841406496092723,16.556859121777915,gp
Y,94.15166666666637,0.7547132489032411,16.537242306938207,gp
Y,95.99777777777747,2.6221131683287404,16.313260368520577,gp
Y,97.84388888888859,7.528526420133069,14.631329829227143,gp
Y,99.68999999999969,12.547811644378134,11.747929903749066,gp
Y,101.53611111111078,15.039036763251353,12.822653069116074,gp
Y,103.3822222222219,8.964271364366262,15.278900736136258,gp
Y,105.228333333333,3.0359847015571058,16.41177809394802,gp
Y,107.07444444444411,0.8636274128769148,16.546344455287947,gp
Y,108.92055555555521,0.22560948355780083,16.557528716693135,gp
Y,110.76666666666631,0.05602584050768688,16.558304894310318,gp
Y,112.61277777777742,0.013452930023792184,16.5583532810963,gp
Y,114.45888888888852,0.003153848731553485,16.55835609193069,gp
Y,116.30499999999964,0.0007262302636898982,16.558356247263053,gp
Y,118.15111111111074,0.00016491976447149392,16.558356255533756,gp
Y,119.99722222222184,0.000037068935406090894,16.558356255961584,gp
Y,121.84333333333295,8.402593786694854e-6,16.558356255981987,gp
Y,123.68944444444405,2.546214073786655e-6,16.558356255958202,gp
Y,125.53555555555516,3.6307317927687035e-6,16.55835625546678,gp
Y,127.38166666666626,0.000014302254513392932,16.55835624596999,gp
Y,129.22777777777736,0.00006166919321168996,16.558356067685107,gp
Y,131.07388888888846,0.0002625153420395968,16.558352843411487,gp
Y,132.9199999999996,0.0010906288298493014,16.558297388413855,gp
Y,134.7661111111107,0.004376579896889244,16.5574091020009,gp
Y,136.6122222222218,0.016661690603217795,16.544642764370217,gp
Y,138.4583333333329,0.05799169303620208,16.391885729246955,gp
Y,140.304444444444,0.16722959537597382,15.127705205751358,gp
Y,142.15055555555512,0.252254982991021,13.30476501351232,gp
Y,143.99666666666621,0.21280920825016347,15.974466835902806,gp
Y,145.84277777777731,0.48834378887003466,16.499227021653077,gp
Y,147.6888888888884,1.7047753131740373,16.515757403310847,gp
Y,149.5349999999995,5.5996064663900995,16.156202103858277,gp
Y,151.38111111111064,14.001971494151872,14.246128403954298,gp
Y,153.22722222222174,14.931683364567743,14.92588045086474,gp
Y,155.07333333333284,8.994168679742277,15.757267767889116,gp
Y,156.91944444444394,7.838063276201803,14.62220165882428,gp
Y,158.76555555555504,3.5533260838094156,16.09944395670479,gp
Y,160.61166666666617,1.12033974424733,16.510886806568095,gp
Y,162.45777777777727,0.3085694931997057,16.554670917753114,gp
Y,164.30388888888837,0.07914287746649741,16.558110399943097,gp
Y,166.14999999999947,0.019436739761106214,16.558341312771127,gp
Y,167.99611111111057,0.004696276380874406,16.558355402285315,gp
Y,169.8422222222217,0.0013892258884357555,16.5583561949907,gp
Y,171.6883333333328,0.001579875641549136,16.558355989009808,gp
Y,173.5344444444439,0.005626426420110946,16.558351635774777,gp
Y,175.380555555555,0.02255791808531381,16.55828057795891,gp
Y,177.22666666666612,0.08698839958645516,16.557229675506484,gp
Y,179.07277777777722,0.3101069644562573,16.54403234216521,gp
Y,180.91888888888832,0.9453998888611713,16.424746191650577,gp
Y,182.76499999999942,1.7940191944017478,16.072025531624554,gp
